Machine,Operation,Sample Type,File Name,Duration (s)
M01,OP08,good,M01_Aug_2019_OP08_005.h5,38.4
M01,OP08,good,M01_Feb_2020_OP08_002.h5,39.424
M01,OP08,good,M01_Feb_2021_OP08_005.h5,38.4
M01,OP08,good,M01_Feb_2021_OP08_008.h5,38.912
M01,OP08,good,M01_Feb_2019_OP08_000.h5,37.8
M01,OP08,good,M01_Aug_2019_OP08_010.h5,38.912
M01,OP08,good,M01_Feb_2019_OP08_002.h5,36.6
M01,OP08,good,M01_Aug_2019_OP08_012.h5,38.4
M01,OP08,good,M01_Aug_2019_OP08_002.h5,38.912
M01,OP08,good,M01_Aug_2019_OP08_011.h5,38.4
M01,OP08,good,M01_Feb_2021_OP08_007.h5,38.4
M01,OP08,good,M01_Feb_2020_OP08_003.h5,37.888
M01,OP08,good,M01_Feb_2021_OP08_006.h5,37.888
M01,OP08,good,M01_Feb_2021_OP08_001.h5,36.864
M01,OP08,good,M01_Feb_2019_OP08_001.h5,37.8
M01,OP08,good,M01_Feb_2021_OP08_004.h5,38.912
M01,OP08,good,M01_Aug_2019_OP08_009.h5,37.888
M01,OP08,good,M01_Aug_2019_OP08_008.h5,39.424
M01,OP08,good,M01_Aug_2019_OP08_006.h5,37.888
M01,OP08,good,M01_Aug_2019_OP08_013.h5,38.4
M01,OP08,good,M01_Aug_2019_OP08_007.h5,38.4
M01,OP08,good,M01_Aug_2021_OP08_000.h5,36.352
M01,OP08,good,M01_Feb_2021_OP08_003.h5,38.912
M01,OP08,good,M01_Aug_2019_OP08_003.h5,37.888
M01,OP08,good,M01_Aug_2019_OP08_001.h5,38.4
M01,OP08,good,M01_Feb_2021_OP08_000.h5,38.912
M01,OP08,good,M01_Feb_2020_OP08_000.h5,38.912
M01,OP08,good,M01_Aug_2019_OP08_004.h5,38.4
M01,OP08,good,M01_Aug_2019_OP08_000.h5,37.888
M01,OP08,good,M01_Feb_2021_OP08_002.h5,38.912
M01,OP08,good,M01_Feb_2020_OP08_001.h5,37.888
M01,OP08,bad,M01_Feb_2019_OP08_000.h5,32.1155
M01,OP08,bad,M01_Feb_2019_OP08_002.h5,32.2955
M01,OP08,bad,M01_Feb_2019_OP08_001.h5,32.0905
M01,OP09,good,M01_Aug_2021_OP09_000.h5,103.424
M01,OP09,good,M01_Aug_2019_OP09_002.h5,106.56
M01,OP09,good,M01_Aug_2019_OP09_013.h5,103.976
M01,OP09,good,M01_Aug_2021_OP09_001.h5,105.472
M01,OP09,good,M01_Feb_2020_OP09_003.h5,107.008
M01,OP09,good,M01_Feb_2021_OP09_008.h5,103.512
M01,OP09,good,M01_Aug_2019_OP09_003.h5,106.496
M01,OP09,good,M01_Feb_2019_OP09_000.h5,107.4
M01,OP09,good,M01_Aug_2019_OP09_015.h5,107.008
M01,OP09,good,M01_Aug_2019_OP09_005.h5,101.952
M01,OP09,good,M01_Aug_2019_OP09_014.h5,106.524
M01,OP09,good,M01_Aug_2019_OP09_016.h5,107.008
M01,OP09,good,M01_Aug_2019_OP09_008.h5,106.496
M01,OP09,good,M01_Feb_2019_OP09_001.h5,106.2
M01,OP09,good,M01_Feb_2021_OP09_004.h5,109.568
M01,OP09,good,M01_Aug_2019_OP09_011.h5,106.822
M01,OP09,good,M01_Feb_2021_OP09_005.h5,110.08
M01,OP09,good,M01_Feb_2020_OP09_002.h5,106.496
M01,OP09,good,M01_Aug_2019_OP09_007.h5,107.072
M01,OP09,good,M01_Feb_2020_OP09_001.h5,109.056
M01,OP09,good,M01_Feb_2021_OP09_006.h5,109.568
M01,OP09,good,M01_Feb_2020_OP09_000.h5,109.568
M01,OP09,good,M01_Aug_2019_OP09_010.h5,106.012
M01,OP09,good,M01_Aug_2019_OP09_004.h5,104.448
M01,OP09,good,M01_Feb_2021_OP09_002.h5,109.568
M01,OP09,good,M01_Feb_2021_OP09_000.h5,109.056
M01,OP09,good,M01_Aug_2019_OP09_006.h5,103.452
M01,OP09,good,M01_Feb_2021_OP09_003.h5,109.056
M01,OP09,good,M01_Feb_2021_OP09_007.h5,105.0
M01,OP09,good,M01_Aug_2019_OP09_009.h5,106.56
M01,OP09,good,M01_Aug_2019_OP09_000.h5,104.448
M01,OP09,good,M01_Feb_2019_OP09_002.h5,106.8
M01,OP09,good,M01_Feb_2021_OP09_001.h5,109.568
M01,OP09,good,M01_Aug_2019_OP09_012.h5,106.822
M01,OP09,good,M01_Aug_2019_OP09_001.h5,107.008
M01,OP09,bad,M01_Aug_2019_OP09_000.h5,96.953
M01,OP06,good,M01_Feb_2021_OP06_003.h5,95.232
M01,OP06,good,M01_Feb_2021_OP06_002.h5,95.232
M01,OP06,good,M01_Feb_2019_OP06_000.h5,94.2
M01,OP06,good,M01_Aug_2019_OP06_003.h5,81.408
M01,OP06,good,M01_Feb_2020_OP06_002.h5,94.72
M01,OP06,good,M01_Feb_2021_OP06_001.h5,95.744
M01,OP06,good,M01_Aug_2019_OP06_002.h5,82.944
M01,OP06,good,M01_Feb_2019_OP06_002.h5,93.0
M01,OP06,good,M01_Feb_2021_OP06_000.h5,95.744
M01,OP06,good,M01_Aug_2019_OP06_000.h5,79.872
M01,OP06,good,M01_Feb_2020_OP06_001.h5,94.72
M01,OP06,good,M01_Aug_2021_OP06_000.h5,95.232
M01,OP06,good,M01_Feb_2021_OP06_005.h5,95.232
M01,OP06,good,M01_Feb_2020_OP06_000.h5,94.72
M01,OP06,good,M01_Feb_2020_OP06_003.h5,94.72
M01,OP06,good,M01_Feb_2021_OP06_004.h5,95.232
M01,OP06,good,M01_Feb_2019_OP06_001.h5,95.4
M01,OP06,good,M01_Feb_2021_OP06_006.h5,96.256
M01,OP06,good,M01_Aug_2019_OP06_001.h5,82.944
M01,OP06,bad,M01_Aug_2019_OP06_000.h5,85.078
M01,OP06,bad,M01_Aug_2021_OP06_000.h5,88.0
M01,OP06,bad,M01_Aug_2021_OP06_001.h5,80.0
M01,OP06,bad,M01_Aug_2021_OP06_002.h5,90.0
M01,OP04,good,M01_Feb_2021_OP04_002.h5,68.096
M01,OP04,good,M01_Feb_2021_OP04_005.h5,68.608
M01,OP04,good,M01_Aug_2019_OP04_007.h5,69.12
M01,OP04,good,M01_Feb_2019_OP04_003.h5,66.6
M01,OP04,good,M01_Feb_2021_OP04_011.h5,68.608
M01,OP04,good,M01_Feb_2019_OP04_002.h5,67.8
M01,OP04,good,M01_Aug_2019_OP04_008.h5,49.664
M01,OP04,good,M01_Aug_2021_OP04_000.h5,68.608
M01,OP04,good,M01_Feb_2021_OP04_007.h5,68.608
M01,OP04,good,M01_Feb_2021_OP04_006.h5,68.608
M01,OP04,good,M01_Feb_2021_OP04_010.h5,68.096
M01,OP04,good,M01_Aug_2019_OP04_006.h5,49.664
M01,OP04,good,M01_Feb_2021_OP04_008.h5,68.608
M01,OP04,good,M01_Feb_2021_OP04_004.h5,70.0
M01,OP04,good,M01_Feb_2021_OP04_001.h5,68.096
M01,OP04,good,M01_Aug_2019_OP04_002.h5,68.608
M01,OP04,good,M01_Feb_2021_OP04_000.h5,68.696
M01,OP04,good,M01_Aug_2019_OP04_011.h5,68.608
M01,OP04,good,M01_Aug_2019_OP04_005.h5,68.608
M01,OP04,good,M01_Feb_2019_OP04_004.h5,67.8
M01,OP04,good,M01_Aug_2021_OP04_001.h5,68.608
M01,OP04,good,M01_Aug_2019_OP04_000.h5,69.12
M01,OP04,good,M01_Aug_2019_OP04_012.h5,68.608
M01,OP04,good,M01_Feb_2021_OP04_009.h5,68.608
M01,OP04,good,M01_Aug_2019_OP04_013.h5,68.608
M01,OP04,good,M01_Feb_2021_OP04_003.h5,70.0
M01,OP04,good,M01_Feb_2019_OP04_001.h5,67.8
M01,OP04,good,M01_Feb_2019_OP04_000.h5,69.0
M01,OP04,good,M01_Aug_2019_OP04_014.h5,68.608
M01,OP04,good,M01_Aug_2019_OP04_001.h5,69.12
M01,OP04,good,M01_Aug_2019_OP04_009.h5,69.12
M01,OP04,good,M01_Aug_2019_OP04_004.h5,68.608
M01,OP04,good,M01_Aug_2019_OP04_003.h5,68.608
M01,OP04,good,M01_Aug_2019_OP04_010.h5,69.12
M01,OP04,bad,M01_Aug_2019_OP04_000.h5,33.865
M01,OP04,bad,M01_Feb_2019_OP04_000.h5,62.3905
M01,OP13,good,M01_Feb_2021_OP13_013.h5,34.816
M01,OP13,good,M01_Feb_2021_OP13_002.h5,34.816
M01,OP13,good,M01_Feb_2021_OP13_014.h5,34.304
M01,OP13,good,M01_Feb_2021_OP13_011.h5,34.816
M01,OP13,good,M01_Feb_2020_OP13_001.h5,34.304
M01,OP13,good,M01_Feb_2021_OP13_012.h5,33.792
M01,OP13,good,M01_Aug_2021_OP13_002.h5,34.304
M01,OP13,good,M01_Aug_2019_OP13_006.h5,34.304
M01,OP13,good,M01_Feb_2019_OP13_003.h5,33.0
M01,OP13,good,M01_Aug_2021_OP13_000.h5,34.304
M01,OP13,good,M01_Feb_2020_OP13_002.h5,34.816
M01,OP13,good,M01_Aug_2019_OP13_009.h5,33.792
M01,OP13,good,M01_Feb_2021_OP13_008.h5,33.792
M01,OP13,good,M01_Feb_2019_OP13_004.h5,33.0
M01,OP13,good,M01_Aug_2019_OP13_012.h5,34.816
M01,OP13,good,M01_Feb_2021_OP13_001.h5,34.816
M01,OP13,good,M01_Feb_2019_OP13_001.h5,33.0
M01,OP13,good,M01_Aug_2019_OP13_001.h5,34.304
M01,OP13,good,M01_Feb_2019_OP13_000.h5,33.0
M01,OP13,good,M01_Aug_2019_OP13_013.h5,34.816
M01,OP13,good,M01_Aug_2019_OP13_004.h5,34.816
M01,OP13,good,M01_Feb_2021_OP13_010.h5,34.304
M01,OP13,good,M01_Feb_2021_OP13_009.h5,34.816
M01,OP13,good,M01_Aug_2019_OP13_007.h5,34.816
M01,OP13,good,M01_Feb_2021_OP13_003.h5,34.304
M01,OP13,good,M01_Aug_2019_OP13_002.h5,34.304
M01,OP13,good,M01_Aug_2019_OP13_011.h5,34.304
M01,OP13,good,M01_Feb_2021_OP13_004.h5,32.912
M01,OP13,good,M01_Feb_2020_OP13_003.h5,33.792
M01,OP13,good,M01_Aug_2019_OP13_014.h5,34.304
M01,OP13,good,M01_Aug_2019_OP13_010.h5,34.304
M01,OP13,good,M01_Feb_2021_OP13_007.h5,34.816
M01,OP13,good,M01_Feb_2021_OP13_005.h5,35.328
M01,OP13,good,M01_Feb_2020_OP13_000.h5,35.328
M01,OP13,good,M01_Feb_2019_OP13_002.h5,33.0
M01,OP13,good,M01_Aug_2019_OP13_008.h5,34.304
M01,OP13,good,M01_Feb_2021_OP13_000.h5,34.816
M01,OP13,good,M01_Aug_2019_OP13_000.h5,34.304
M01,OP13,good,M01_Aug_2019_OP13_015.h5,34.816
M01,OP13,good,M01_Feb_2021_OP13_006.h5,33.424
M01,OP13,good,M01_Aug_2021_OP13_001.h5,34.304
M01,OP13,good,M01_Aug_2019_OP13_003.h5,34.304
M01,OP13,good,M01_Aug_2019_OP13_005.h5,34.304
M01,OP14,good,M01_Feb_2020_OP14_001.h5,32.256
M01,OP14,good,M01_Feb_2019_OP14_004.h5,32.4
M01,OP14,good,M01_Feb_2020_OP14_006.h5,32.768
M01,OP14,good,M01_Feb_2020_OP14_002.h5,35.328
M01,OP14,good,M01_Feb_2019_OP14_001.h5,33.0
M01,OP14,good,M01_Feb_2020_OP14_007.h5,33.28
M01,OP14,good,M01_Aug_2021_OP14_002.h5,32.768
M01,OP14,good,M01_Feb_2021_OP14_000.h5,35.0
M01,OP14,good,M01_Feb_2021_OP14_009.h5,33.792
M01,OP14,good,M01_Feb_2021_OP14_004.h5,33.28
M01,OP14,good,M01_Aug_2021_OP14_000.h5,33.792
M01,OP14,good,M01_Feb_2021_OP14_001.h5,35.84
M01,OP14,good,M01_Feb_2020_OP14_003.h5,34.304
M01,OP14,good,M01_Feb_2019_OP14_000.h5,33.0
M01,OP14,good,M01_Feb_2021_OP14_002.h5,35.328
M01,OP14,good,M01_Feb_2021_OP14_010.h5,35.328
M01,OP14,good,M01_Feb_2020_OP14_005.h5,34.816
M01,OP14,good,M01_Feb_2021_OP14_008.h5,33.28
M01,OP14,good,M01_Feb_2019_OP14_003.h5,32.4
M01,OP14,good,M01_Feb_2020_OP14_004.h5,34.304
M01,OP14,good,M01_Aug_2021_OP14_001.h5,32.768
M01,OP14,good,M01_Feb_2021_OP14_005.h5,35.328
M01,OP14,good,M01_Feb_2021_OP14_006.h5,35.328
M01,OP14,good,M01_Feb_2019_OP14_002.h5,32.4
M01,OP14,good,M01_Feb_2020_OP14_000.h5,31.744
M01,OP14,good,M01_Feb_2021_OP14_003.h5,33.28
M01,OP14,good,M01_Feb_2021_OP14_007.h5,33.28
M01,OP14,bad,M01_Feb_2019_OP14_000.h5,26.3055
M01,OP03,good,M01_Feb_2021_OP03_003.h5,89.088
M01,OP03,good,M01_Aug_2019_OP03_012.h5,88.064
M01,OP03,good,M01_Feb_2020_OP03_002.h5,89.088
M01,OP03,good,M01_Feb_2021_OP03_004.h5,89.6
M01,OP03,good,M01_Aug_2019_OP03_005.h5,88.576
M01,OP03,good,M01_Aug_2019_OP03_007.h5,89.088
M01,OP03,good,M01_Aug_2019_OP03_002.h5,89.088
M01,OP03,good,M01_Aug_2019_OP03_006.h5,88.576
M01,OP03,good,M01_Aug_2019_OP03_001.h5,88.064
M01,OP03,good,M01_Feb_2019_OP03_000.h5,81.0
M01,OP03,good,M01_Feb_2020_OP03_000.h5,89.6
M01,OP03,good,M01_Feb_2019_OP03_001.h5,81.0
M01,OP03,good,M01_Feb_2021_OP03_007.h5,79.36
M01,OP03,good,M01_Aug_2019_OP03_009.h5,89.088
M01,OP03,good,M01_Aug_2019_OP03_003.h5,88.576
M01,OP03,good,M01_Aug_2019_OP03_004.h5,88.576
M01,OP03,good,M01_Aug_2019_OP03_010.h5,89.088
M01,OP03,good,M01_Feb_2019_OP03_002.h5,78.0
M01,OP03,good,M01_Feb_2021_OP03_005.h5,88.576
M01,OP03,good,M01_Aug_2019_OP03_008.h5,89.088
M01,OP03,good,M01_Feb_2021_OP03_006.h5,79.36
M01,OP03,good,M01_Aug_2019_OP03_011.h5,88.576
M01,OP03,good,M01_Aug_2019_OP03_013.h5,82.432
M01,OP03,good,M01_Feb_2020_OP03_001.h5,89.088
M01,OP03,good,M01_Aug_2019_OP03_000.h5,88.576
M01,OP03,good,M01_Feb_2021_OP03_002.h5,89.088
M01,OP03,good,M01_Feb_2020_OP03_003.h5,89.6
M01,OP03,bad,M01_Aug_2019_OP03_000.h5,69.8265
M01,OP01,good,M01_Feb_2021_OP01_005.h5,30.208
M01,OP01,good,M01_Feb_2021_OP01_008.h5,29.696
M01,OP01,good,M01_Feb_2021_OP01_007.h5,29.696
M01,OP01,good,M01_Aug_2019_OP01_003.h5,29.696
M01,OP01,good,M01_Feb_2021_OP01_010.h5,29.696
M01,OP01,good,M01_Aug_2019_OP01_012.h5,29.696
M01,OP01,good,M01_Feb_2021_OP01_001.h5,27.136
M01,OP01,good,M01_Feb_2019_OP01_002.h5,29.4
M01,OP01,good,M01_Aug_2019_OP01_013.h5,29.696
M01,OP01,good,M01_Feb_2020_OP01_001.h5,27.648
M01,OP01,good,M01_Aug_2019_OP01_009.h5,29.696
M01,OP01,good,M01_Feb_2020_OP01_000.h5,33.28
M01,OP01,good,M01_Aug_2019_OP01_010.h5,30.208
M01,OP01,good,M01_Aug_2019_OP01_004.h5,30.208
M01,OP01,good,M01_Feb_2019_OP01_000.h5,29.4
M01,OP01,good,M01_Feb_2019_OP01_004.h5,30.0
M01,OP01,good,M01_Aug_2019_OP01_005.h5,30.208
M01,OP01,good,M01_Aug_2019_OP01_001.h5,29.696
M01,OP01,good,M01_Feb_2021_OP01_002.h5,28.16
M01,OP01,good,M01_Feb_2019_OP01_001.h5,29.4
M01,OP01,good,M01_Feb_2021_OP01_011.h5,27.136
M01,OP01,good,M01_Feb_2020_OP01_003.h5,29.696
M01,OP01,good,M01_Feb_2021_OP01_004.h5,29.696
M01,OP01,good,M01_Aug_2019_OP01_002.h5,27.648
M01,OP01,good,M01_Feb_2021_OP01_009.h5,29.696
M01,OP01,good,M01_Aug_2019_OP01_006.h5,29.696
M01,OP01,good,M01_Feb_2019_OP01_003.h5,28.2
M01,OP01,good,M01_Aug_2019_OP01_011.h5,30.208
M01,OP01,good,M01_Feb_2021_OP01_013.h5,31.25
M01,OP01,good,M01_Aug_2019_OP01_000.h5,30.208
M01,OP01,good,M01_Feb_2021_OP01_006.h5,27.648
M01,OP01,good,M01_Aug_2019_OP01_008.h5,29.696
M01,OP01,good,M01_Aug_2019_OP01_007.h5,32.256
M01,OP01,good,M01_Feb_2021_OP01_012.h5,30.208
M01,OP01,good,M01_Feb_2020_OP01_002.h5,30.208
M01,OP01,good,M01_Feb_2021_OP01_014.h5,29.696
M01,OP01,good,M01_Feb_2021_OP01_003.h5,30.208
M01,OP01,good,M01_Feb_2021_OP01_000.h5,29.184
M01,OP01,bad,M01_Feb_2019_OP01_000.h5,23.5405
M01,OP01,bad,M01_Aug_2019_OP01_000.h5,19.4915
M01,OP00,good,M01_Aug_2019_OP00_009.h5,131.584
M01,OP00,good,M01_Feb_2021_OP00_005.h5,133.632
M01,OP00,good,M01_Aug_2021_OP00_002.h5,134.144
M01,OP00,good,M01_Aug_2019_OP00_012.h5,134.656
M01,OP00,good,M01_Aug_2019_OP00_004.h5,132.096
M01,OP00,good,M01_Aug_2019_OP00_005.h5,134.144
M01,OP00,good,M01_Feb_2019_OP00_000.h5,133.2
M01,OP00,good,M01_Aug_2019_OP00_011.h5,134.144
M01,OP00,good,M01_Feb_2019_OP00_004.h5,132.6
M01,OP00,good,M01_Aug_2019_OP00_003.h5,134.144
M01,OP00,good,M01_Feb_2021_OP00_007.h5,135.0
M01,OP00,good,M01_Feb_2021_OP00_006.h5,134.144
M01,OP00,good,M01_Aug_2019_OP00_000.h5,134.144
M01,OP00,good,M01_Aug_2019_OP00_013.h5,134.144
M01,OP00,good,M01_Feb_2019_OP00_001.h5,132.6
M01,OP00,good,M01_Aug_2019_OP00_010.h5,134.144
M01,OP00,good,M01_Aug_2019_OP00_007.h5,134.656
M01,OP00,good,M01_Feb_2020_OP00_002.h5,135.68
M01,OP00,good,M01_Aug_2021_OP00_003.h5,134.656
M01,OP00,good,M01_Feb_2020_OP00_001.h5,136.704
M01,OP00,good,M01_Feb_2021_OP00_003.h5,134.656
M01,OP00,good,M01_Aug_2019_OP00_001.h5,134.144
M01,OP00,good,M01_Aug_2019_OP00_008.h5,134.144
M01,OP00,good,M01_Feb_2021_OP00_004.h5,133.632
M01,OP00,good,M01_Feb_2021_OP00_009.h5,134.144
M01,OP00,good,M01_Feb_2021_OP00_008.h5,134.144
M01,OP00,good,M01_Aug_2019_OP00_006.h5,134.144
M01,OP00,good,M01_Feb_2019_OP00_003.h5,132.0
M01,OP00,good,M01_Feb_2019_OP00_002.h5,133.2
M01,OP07,good,M01_Aug_2019_OP07_013.h5,24.576
M01,OP07,good,M01_Aug_2019_OP07_007.h5,24.576
M01,OP07,good,M01_Aug_2019_OP07_003.h5,25.088
M01,OP07,good,M01_Feb_2021_OP07_007.h5,25.088
M01,OP07,good,M01_Aug_2021_OP07_002.h5,25.088
M01,OP07,good,M01_Aug_2019_OP07_015.h5,25.088
M01,OP07,good,M01_Feb_2021_OP07_004.h5,24.576
M01,OP07,good,M01_Feb_2020_OP07_000.h5,25.088
M01,OP07,good,M01_Feb_2019_OP07_001.h5,25.2
M01,OP07,good,M01_Feb_2021_OP07_003.h5,25.088
M01,OP07,good,M01_Aug_2019_OP07_010.h5,24.576
M01,OP07,good,M01_Aug_2019_OP07_008.h5,25.088
M01,OP07,good,M01_Feb_2021_OP07_012.h5,25.6
M01,OP07,good,M01_Feb_2021_OP07_002.h5,24.576
M01,OP07,good,M01_Aug_2019_OP07_005.h5,24.576
M01,OP07,good,M01_Aug_2019_OP07_014.h5,24.576
M01,OP07,good,M01_Aug_2019_OP07_002.h5,25.088
M01,OP07,good,M01_Feb_2020_OP07_001.h5,25.088
M01,OP07,good,M01_Feb_2020_OP07_003.h5,25.6
M01,OP07,good,M01_Feb_2019_OP07_002.h5,25.2
M01,OP07,good,M01_Feb_2021_OP07_008.h5,25.144
M01,OP07,good,M01_Aug_2021_OP07_001.h5,25.6
M01,OP07,good,M01_Feb_2021_OP07_014.h5,25.088
M01,OP07,good,M01_Aug_2021_OP07_000.h5,25.088
M01,OP07,good,M01_Feb_2021_OP07_013.h5,24.576
M01,OP07,good,M01_Feb_2021_OP07_001.h5,24.576
M01,OP07,good,M01_Aug_2019_OP07_006.h5,25.088
M01,OP07,good,M01_Feb_2021_OP07_010.h5,25.088
M01,OP07,good,M01_Feb_2021_OP07_011.h5,25.088
M01,OP07,good,M01_Feb_2021_OP07_005.h5,25.088
M01,OP07,good,M01_Feb_2019_OP07_004.h5,25.8
M01,OP07,good,M01_Feb_2019_OP07_003.h5,25.2
M01,OP07,good,M01_Feb_2021_OP07_000.h5,25.0
M01,OP07,good,M01_Aug_2019_OP07_004.h5,25.088
M01,OP07,good,M01_Feb_2021_OP07_009.h5,25.088
M01,OP07,good,M01_Aug_2019_OP07_012.h5,25.088
M01,OP07,good,M01_Feb_2020_OP07_002.h5,25.088
M01,OP07,good,M01_Aug_2019_OP07_011.h5,25.088
M01,OP07,good,M01_Feb_2019_OP07_000.h5,24.6
M01,OP07,good,M01_Aug_2019_OP07_009.h5,25.088
M01,OP07,good,M01_Aug_2019_OP07_000.h5,24.576
M01,OP07,good,M01_Aug_2019_OP07_001.h5,25.088
M01,OP07,good,M01_Feb_2021_OP07_006.h5,25.088
M01,OP07,bad,M01_Aug_2021_OP07_001.h5,23.0
M01,OP07,bad,M01_Aug_2021_OP07_000.h5,21.0
M01,OP07,bad,M01_Feb_2019_OP07_000.h5,18.7555
M01,OP07,bad,M01_Aug_2019_OP07_000.h5,16.0995
M01,OP10,good,M01_Feb_2020_OP10_000.h5,49.152
M01,OP10,good,M01_Feb_2021_OP10_006.h5,49.152
M01,OP10,good,M01_Feb_2021_OP10_002.h5,48.128
M01,OP10,good,M01_Feb_2020_OP10_002.h5,49.152
M01,OP10,good,M01_Aug_2019_OP10_006.h5,46.08
M01,OP10,good,M01_Feb_2019_OP10_000.h5,49.8
M01,OP10,good,M01_Aug_2019_OP10_007.h5,49.152
M01,OP10,good,M01_Feb_2021_OP10_000.h5,46.592
M01,OP10,good,M01_Feb_2020_OP10_001.h5,49.152
M01,OP10,good,M01_Feb_2021_OP10_004.h5,49.152
M01,OP10,good,M01_Feb_2019_OP10_002.h5,46.2
M01,OP10,good,M01_Aug_2019_OP10_001.h5,49.152
M01,OP10,good,M01_Aug_2019_OP10_000.h5,49.152
M01,OP10,good,M01_Aug_2019_OP10_012.h5,49.664
M01,OP10,good,M01_Aug_2019_OP10_008.h5,48.64
M01,OP10,good,M01_Aug_2019_OP10_011.h5,49.152
M01,OP10,good,M01_Aug_2019_OP10_010.h5,49.152
M01,OP10,good,M01_Aug_2019_OP10_009.h5,48.64
M01,OP10,good,M01_Aug_2019_OP10_004.h5,49.664
M01,OP10,good,M01_Feb_2021_OP10_001.h5,49.664
M01,OP10,good,M01_Feb_2021_OP10_007.h5,47.616
M01,OP10,good,M01_Feb_2021_OP10_003.h5,50.0
M01,OP10,good,M01_Aug_2019_OP10_005.h5,49.152
M01,OP10,good,M01_Feb_2020_OP10_003.h5,49.664
M01,OP10,good,M01_Aug_2019_OP10_003.h5,49.152
M01,OP10,good,M01_Feb_2021_OP10_005.h5,50.0
M01,OP10,good,M01_Aug_2019_OP10_013.h5,49.152
M01,OP10,good,M01_Feb_2019_OP10_001.h5,49.2
M01,OP10,good,M01_Aug_2019_OP10_002.h5,49.152
M01,OP10,bad,M01_Feb_2019_OP10_000.h5,41.7205
M01,OP10,bad,M01_Feb_2019_OP10_002.h5,43.0105
M01,OP10,bad,M01_Aug_2021_OP10_000.h5,40.0
M01,OP10,bad,M01_Feb_2019_OP10_001.h5,42.9155
M01,OP05,good,M01_Aug_2019_OP05_011.h5,23.04
M01,OP05,good,M01_Aug_2019_OP05_012.h5,18.944
M01,OP05,good,M01_Feb_2021_OP05_006.h5,22.016
M01,OP05,good,M01_Aug_2019_OP05_006.h5,20.992
M01,OP05,good,M01_Feb_2021_OP05_004.h5,20.992
M01,OP05,good,M01_Aug_2019_OP05_007.h5,20.992
M01,OP05,good,M01_Feb_2021_OP05_007.h5,24.624
M01,OP05,good,M01_Aug_2019_OP05_002.h5,23.552
M01,OP05,good,M01_Feb_2019_OP05_001.h5,20.4
M01,OP05,good,M01_Aug_2019_OP05_008.h5,23.552
M01,OP05,good,M01_Feb_2019_OP05_000.h5,20.4
M01,OP05,good,M01_Feb_2021_OP05_001.h5,20.992
M01,OP05,good,M01_Feb_2020_OP05_002.h5,20.992
M01,OP05,good,M01_Feb_2019_OP05_002.h5,19.8
M01,OP05,good,M01_Aug_2019_OP05_001.h5,20.992
M01,OP05,good,M01_Feb_2021_OP05_008.h5,23.552
M01,OP05,good,M01_Feb_2021_OP05_003.h5,20.992
M01,OP05,good,M01_Aug_2021_OP05_000.h5,20.992
M01,OP05,good,M01_Aug_2019_OP05_013.h5,21.504
M01,OP05,good,M01_Aug_2019_OP05_010.h5,20.992
M01,OP05,good,M01_Aug_2019_OP05_009.h5,20.992
M01,OP05,good,M01_Feb_2021_OP05_000.h5,20.992
M01,OP05,good,M01_Aug_2019_OP05_015.h5,23.552
M01,OP05,good,M01_Feb_2020_OP05_000.h5,20.992
M01,OP05,good,M01_Aug_2019_OP05_005.h5,22.528
M01,OP05,good,M01_Feb_2020_OP05_001.h5,20.48
M01,OP05,good,M01_Aug_2019_OP05_004.h5,23.04
M01,OP05,good,M01_Feb_2021_OP05_005.h5,20.48
M01,OP05,good,M01_Feb_2021_OP05_002.h5,20.48
M01,OP05,good,M01_Feb_2020_OP05_003.h5,20.992
M01,OP05,good,M01_Aug_2021_OP05_001.h5,19.968
M01,OP05,good,M01_Aug_2019_OP05_000.h5,23.04
M01,OP05,good,M01_Aug_2019_OP05_003.h5,21.504
M01,OP05,good,M01_Aug_2019_OP05_014.h5,20.992
M01,OP05,bad,M01_Feb_2019_OP05_001.h5,14.8105
M01,OP05,bad,M01_Feb_2019_OP05_000.h5,14.9155
M01,OP05,bad,M01_Feb_2021_OP05_000.h5,15.0
M01,OP05,bad,M01_Aug_2019_OP05_000.h5,13.3965
M01,OP02,good,M01_Feb_2021_OP02_010.h5,44.544
M01,OP02,good,M01_Aug_2019_OP02_012.h5,45.056
M01,OP02,good,M01_Aug_2019_OP02_006.h5,47.616
M01,OP02,good,M01_Aug_2021_OP02_000.h5,44.544
M01,OP02,good,M01_Feb_2021_OP02_009.h5,41.984
M01,OP02,good,M01_Feb_2019_OP02_002.h5,43.2
M01,OP02,good,M01_Feb_2020_OP02_003.h5,44.544
M01,OP02,good,M01_Feb_2020_OP02_000.h5,46.08
M01,OP02,good,M01_Aug_2019_OP02_005.h5,49.152
M01,OP02,good,M01_Aug_2019_OP02_003.h5,44.032
M01,OP02,good,M01_Aug_2019_OP02_014.h5,44.544
M01,OP02,good,M01_Feb_2021_OP02_001.h5,44.032
M01,OP02,good,M01_Aug_2019_OP02_002.h5,44.544
M01,OP02,good,M01_Aug_2021_OP02_002.h5,44.032
M01,OP02,good,M01_Feb_2021_OP02_004.h5,44.032
M01,OP02,good,M01_Feb_2021_OP02_012.h5,44.032
M01,OP02,good,M01_Aug_2019_OP02_009.h5,44.032
M01,OP02,good,M01_Aug_2019_OP02_000.h5,46.592
M01,OP02,good,M01_Aug_2019_OP02_015.h5,44.544
M01,OP02,good,M01_Feb_2021_OP02_000.h5,44.544
M01,OP02,good,M01_Feb_2019_OP02_000.h5,42.6
M01,OP02,good,M01_Feb_2019_OP02_001.h5,43.8
M01,OP02,good,M01_Feb_2019_OP02_003.h5,44.4
M01,OP02,good,M01_Aug_2019_OP02_013.h5,47.104
M01,OP02,good,M01_Feb_2019_OP02_004.h5,43.8
M01,OP02,good,M01_Aug_2019_OP02_001.h5,47.104
M01,OP02,good,M01_Feb_2021_OP02_007.h5,44.032
M01,OP02,good,M01_Feb_2020_OP02_002.h5,45.568
M01,OP02,good,M01_Feb_2021_OP02_005.h5,44.032
M01,OP02,good,M01_Aug_2019_OP02_011.h5,44.544
M01,OP02,good,M01_Aug_2019_OP02_007.h5,47.104
M01,OP02,good,M01_Feb_2021_OP02_008.h5,45.0
M01,OP02,good,M01_Aug_2019_OP02_010.h5,45.568
M01,OP02,good,M01_Aug_2021_OP02_004.h5,44.0
M01,OP02,good,M01_Aug_2021_OP02_003.h5,43.0
M01,OP02,good,M01_Aug_2019_OP02_004.h5,45.568
M01,OP02,good,M01_Feb_2021_OP02_003.h5,44.032
M01,OP02,good,M01_Aug_2019_OP02_008.h5,47.616
M01,OP02,good,M01_Feb_2021_OP02_002.h5,44.032
M01,OP02,good,M01_Feb_2021_OP02_013.h5,44.544
M01,OP02,good,M01_Feb_2020_OP02_001.h5,47.616
M01,OP02,good,M01_Feb_2021_OP02_006.h5,44.032
M01,OP02,good,M01_Feb_2021_OP02_011.h5,44.032
M01,OP02,good,M01_Aug_2021_OP02_001.h5,45.056
M01,OP02,good,M01_Feb_2021_OP02_014.h5,44.544
M01,OP02,bad,M01_Feb_2019_OP02_000.h5,35.8555
M01,OP12,good,M01_Aug_2019_OP12_000.h5,49.664
M01,OP12,good,M01_Aug_2019_OP12_011.h5,49.664
M01,OP12,good,M01_Aug_2019_OP12_017.h5,48.64
M01,OP12,good,M01_Feb_2021_OP12_007.h5,48.128
M01,OP12,good,M01_Aug_2019_OP12_001.h5,48.64
M01,OP12,good,M01_Feb_2021_OP12_000.h5,48.64
M01,OP12,good,M01_Feb_2020_OP12_000.h5,49.152
M01,OP12,good,M01_Feb_2021_OP12_003.h5,48.64
M01,OP12,good,M01_Feb_2020_OP12_002.h5,48.64
M01,OP12,good,M01_Feb_2019_OP12_000.h5,46.8
M01,OP12,good,M01_Aug_2019_OP12_016.h5,46.08
M01,OP12,good,M01_Aug_2019_OP12_007.h5,50.176
M01,OP12,good,M01_Feb_2019_OP12_002.h5,48.0
M01,OP12,good,M01_Aug_2019_OP12_013.h5,48.64
M01,OP12,good,M01_Aug_2019_OP12_005.h5,48.64
M01,OP12,good,M01_Aug_2019_OP12_015.h5,48.64
M01,OP12,good,M01_Aug_2019_OP12_014.h5,48.64
M01,OP12,good,M01_Feb_2021_OP12_002.h5,49.152
M01,OP12,good,M01_Aug_2019_OP12_003.h5,48.64
M01,OP12,good,M01_Aug_2019_OP12_008.h5,49.664
M01,OP12,good,M01_Feb_2020_OP12_001.h5,49.152
M01,OP12,good,M01_Feb_2021_OP12_001.h5,49.152
M01,OP12,good,M01_Aug_2019_OP12_004.h5,48.128
M01,OP12,good,M01_Feb_2019_OP12_001.h5,45.6
M01,OP12,good,M01_Aug_2019_OP12_009.h5,49.664
M01,OP12,good,M01_Aug_2019_OP12_006.h5,47.104
M01,OP12,good,M01_Aug_2019_OP12_012.h5,46.592
M01,OP12,good,M01_Feb_2021_OP12_005.h5,49.152
M01,OP12,good,M01_Feb_2021_OP12_006.h5,48.128
M01,OP12,good,M01_Aug_2019_OP12_010.h5,47.104
M01,OP12,good,M01_Feb_2020_OP12_003.h5,48.64
M01,OP12,good,M01_Aug_2019_OP12_002.h5,48.64
M01,OP12,good,M01_Feb_2021_OP12_008.h5,50.176
M01,OP12,good,M01_Feb_2021_OP12_004.h5,48.128
M01,OP12,bad,M01_Feb_2019_OP12_000.h5,42.7055
M01,OP12,bad,M01_Feb_2019_OP12_002.h5,42.4105
M01,OP12,bad,M01_Feb_2019_OP12_001.h5,42.6155
M01,OP11,good,M01_Feb_2021_OP11_000.h5,58.368
M01,OP11,good,M01_Feb_2021_OP11_008.h5,59.904
M01,OP11,good,M01_Feb_2019_OP11_001.h5,58.2
M01,OP11,good,M01_Aug_2019_OP11_001.h5,60.928
M01,OP11,good,M01_Aug_2021_OP11_000.h5,59.392
M01,OP11,good,M01_Feb_2020_OP11_000.h5,59.904
M01,OP11,good,M01_Feb_2021_OP11_002.h5,59.392
M01,OP11,good,M01_Feb_2019_OP11_000.h5,60.0
M01,OP11,good,M01_Feb_2020_OP11_001.h5,59.904
M01,OP11,good,M01_Feb_2021_OP11_001.h5,60.416
M01,OP11,good,M01_Feb_2020_OP11_002.h5,59.904
M01,OP11,good,M01_Aug_2019_OP11_000.h5,60.416
M01,OP11,good,M01_Feb_2019_OP11_002.h5,60.0
M01,OP11,good,M01_Aug_2019_OP11_003.h5,60.928
M01,OP11,good,M01_Aug_2019_OP11_002.h5,57.856
M01,OP11,good,M01_Feb_2021_OP11_007.h5,60.416
M01,OP11,good,M01_Feb_2020_OP11_003.h5,59.392
M01,OP11,bad,M01_Feb_2021_OP11_000.h5,45.0
M01,OP11,bad,M01_Feb_2019_OP11_001.h5,53.7755
M01,OP11,bad,M01_Feb_2019_OP11_000.h5,53.5805
M01,OP11,bad,M01_Feb_2019_OP11_002.h5,53.5755
M02,OP08,good,M02_Feb_2021_OP08_008.h5,39.936
M02,OP08,good,M02_Feb_2021_OP08_001.h5,39.936
M02,OP08,good,M02_Aug_2019_OP08_001.h5,36.864
M02,OP08,good,M02_Aug_2020_OP08_001.h5,37.888
M02,OP08,good,M02_Aug_2019_OP08_004.h5,37.888
M02,OP08,good,M02_Aug_2019_OP08_000.h5,37.888
M02,OP08,good,M02_Aug_2019_OP08_010.h5,35.328
M02,OP08,good,M02_Feb_2020_OP08_001.h5,37.888
M02,OP08,good,M02_Aug_2019_OP08_003.h5,37.376
M02,OP08,good,M02_Feb_2021_OP08_007.h5,37.888
M02,OP08,good,M02_Aug_2019_OP08_012.h5,37.376
M02,OP08,good,M02_Aug_2019_OP08_007.h5,37.376
M02,OP08,good,M02_Aug_2019_OP08_017.h5,37.888
M02,OP08,good,M02_Feb_2019_OP08_000.h5,36.6
M02,OP08,good,M02_Feb_2020_OP08_003.h5,37.888
M02,OP08,good,M02_Feb_2021_OP08_005.h5,39.936
M02,OP08,good,M02_Aug_2019_OP08_014.h5,35.84
M02,OP08,good,M02_Feb_2021_OP08_002.h5,40.96
M02,OP08,good,M02_Aug_2020_OP08_000.h5,35.84
M02,OP08,good,M02_Aug_2021_OP08_001.h5,38.912
M02,OP08,good,M02_Feb_2020_OP08_005.h5,37.888
M02,OP08,good,M02_Feb_2021_OP08_010.h5,39.936
M02,OP08,good,M02_Feb_2021_OP08_000.h5,39.936
M02,OP08,good,M02_Feb_2021_OP08_006.h5,37.888
M02,OP08,good,M02_Aug_2019_OP08_005.h5,37.888
M02,OP08,good,M02_Aug_2020_OP08_003.h5,37.888
M02,OP08,good,M02_Aug_2019_OP08_016.h5,37.888
M02,OP08,good,M02_Aug_2019_OP08_002.h5,37.888
M02,OP08,good,M02_Aug_2019_OP08_009.h5,37.888
M02,OP08,good,M02_Aug_2019_OP08_015.h5,37.888
M02,OP08,good,M02_Feb_2020_OP08_000.h5,37.888
M02,OP08,good,M02_Aug_2021_OP08_000.h5,38.4
M02,OP08,good,M02_Aug_2019_OP08_008.h5,37.888
M02,OP08,good,M02_Feb_2020_OP08_004.h5,37.888
M02,OP08,good,M02_Aug_2020_OP08_002.h5,37.888
M02,OP08,good,M02_Feb_2021_OP08_009.h5,41.472
M02,OP08,good,M02_Aug_2019_OP08_011.h5,37.376
M02,OP08,good,M02_Feb_2021_OP08_004.h5,40.448
M02,OP08,good,M02_Feb_2021_OP08_003.h5,40.448
M02,OP08,good,M02_Aug_2019_OP08_013.h5,37.888
M02,OP08,good,M02_Aug_2019_OP08_006.h5,37.888
M02,OP08,good,M02_Feb_2020_OP08_002.h5,37.888
M02,OP08,bad,M02_Aug_2019_OP08_000.h5,29.592
M02,OP08,bad,M02_Feb_2019_OP08_000.h5,31.9055
M02,OP08,bad,M02_Feb_2019_OP08_001.h5,32.0355
M02,OP08,bad,M02_Aug_2021_OP08_000.h5,35.0
M02,OP09,good,M02_Aug_2019_OP09_001.h5,103.936
M02,OP09,good,M02_Aug_2019_OP09_010.h5,103.424
M02,OP09,good,M02_Aug_2019_OP09_013.h5,105.472
M02,OP09,good,M02_Feb_2021_OP09_003.h5,107.52
M02,OP09,good,M02_Feb_2020_OP09_001.h5,105.984
M02,OP09,good,M02_Feb_2021_OP09_009.h5,110.08
M02,OP09,good,M02_Aug_2019_OP09_014.h5,104.96
M02,OP09,good,M02_Aug_2020_OP09_003.h5,105.472
M02,OP09,good,M02_Feb_2020_OP09_004.h5,103.424
M02,OP09,good,M02_Aug_2019_OP09_004.h5,104.96
M02,OP09,good,M02_Aug_2019_OP09_012.h5,104.96
M02,OP09,good,M02_Feb_2020_OP09_003.h5,103.424
M02,OP09,good,M02_Feb_2021_OP09_008.h5,106.496
M02,OP09,good,M02_Aug_2019_OP09_000.h5,105.472
M02,OP09,good,M02_Aug_2019_OP09_015.h5,104.96
M02,OP09,good,M02_Aug_2019_OP09_007.h5,103.424
M02,OP09,good,M02_Feb_2021_OP09_002.h5,108.032
M02,OP09,good,M02_Aug_2019_OP09_008.h5,105.472
M02,OP09,good,M02_Feb_2020_OP09_005.h5,104.96
M02,OP09,good,M02_Aug_2019_OP09_003.h5,105.984
M02,OP09,good,M02_Aug_2021_OP09_000.h5,108.032
M02,OP09,good,M02_Aug_2020_OP09_002.h5,104.988
M02,OP09,good,M02_Aug_2019_OP09_017.h5,105.472
M02,OP09,good,M02_Feb_2021_OP09_001.h5,108.544
M02,OP09,good,M02_Feb_2020_OP09_002.h5,105.984
M02,OP09,good,M02_Feb_2021_OP09_006.h5,108.032
M02,OP09,good,M02_Aug_2019_OP09_016.h5,103.424
M02,OP09,good,M02_Aug_2021_OP09_001.h5,106.496
M02,OP09,good,M02_Aug_2019_OP09_005.h5,104.96
M02,OP09,good,M02_Aug_2020_OP09_004.h5,105.472
M02,OP09,good,M02_Feb_2021_OP09_007.h5,108.544
M02,OP09,good,M02_Aug_2019_OP09_011.h5,105.472
M02,OP09,good,M02_Aug_2020_OP09_000.h5,105.984
M02,OP09,good,M02_Aug_2019_OP09_009.h5,105.472
M02,OP09,good,M02_Aug_2019_OP09_002.h5,105.472
M02,OP09,good,M02_Aug_2020_OP09_001.h5,105.984
M02,OP09,good,M02_Feb_2021_OP09_005.h5,106.496
M02,OP09,good,M02_Feb_2021_OP09_004.h5,108.544
M02,OP09,good,M02_Feb_2019_OP09_000.h5,106.8
M02,OP09,good,M02_Feb_2021_OP09_010.h5,108.544
M02,OP09,good,M02_Feb_2020_OP09_000.h5,105.984
M02,OP09,good,M02_Feb_2021_OP09_000.h5,107.52
M02,OP09,good,M02_Aug_2019_OP09_006.h5,104.96
M02,OP06,good,M02_Aug_2019_OP06_008.h5,94.208
M02,OP06,good,M02_Aug_2019_OP06_002.h5,92.16
M02,OP06,good,M02_Aug_2019_OP06_016.h5,91.648
M02,OP06,good,M02_Aug_2021_OP06_000.h5,94.208
M02,OP06,good,M02_Feb_2020_OP06_002.h5,94.208
M02,OP06,good,M02_Aug_2019_OP06_009.h5,93.696
M02,OP06,good,M02_Feb_2019_OP06_000.h5,93.6
M02,OP06,good,M02_Aug_2020_OP06_001.h5,94.72
M02,OP06,good,M02_Aug_2019_OP06_010.h5,93.696
M02,OP06,good,M02_Aug_2019_OP06_014.h5,93.696
M02,OP06,good,M02_Aug_2019_OP06_006.h5,94.208
M02,OP06,good,M02_Aug_2021_OP06_001.h5,94.72
M02,OP06,good,M02_Aug_2019_OP06_011.h5,93.184
M02,OP06,good,M02_Aug_2019_OP06_005.h5,93.696
M02,OP06,good,M02_Aug_2019_OP06_004.h5,93.696
M02,OP06,good,M02_Feb_2020_OP06_001.h5,94.208
M02,OP06,good,M02_Aug_2019_OP06_007.h5,93.696
M02,OP06,good,M02_Feb_2020_OP06_000.h5,94.208
M02,OP06,good,M02_Aug_2020_OP06_000.h5,92.672
M02,OP06,good,M02_Aug_2020_OP06_003.h5,94.208
M02,OP06,good,M02_Aug_2019_OP06_015.h5,93.696
M02,OP06,good,M02_Aug_2019_OP06_001.h5,94.208
M02,OP06,good,M02_Aug_2019_OP06_012.h5,94.208
M02,OP06,good,M02_Aug_2019_OP06_013.h5,93.696
M02,OP06,good,M02_Aug_2020_OP06_002.h5,92.16
M02,OP06,good,M02_Aug_2019_OP06_000.h5,93.696
M02,OP06,good,M02_Feb_2020_OP06_004.h5,94.208
M02,OP06,good,M02_Aug_2019_OP06_003.h5,94.208
M02,OP06,good,M02_Feb_2020_OP06_005.h5,92.16
M02,OP06,good,M02_Feb_2020_OP06_003.h5,92.16
M02,OP04,good,M02_Feb_2019_OP04_000.h5,68.4
M02,OP04,good,M02_Feb_2021_OP04_005.h5,68.096
M02,OP04,good,M02_Feb_2021_OP04_001.h5,69.12
M02,OP04,good,M02_Aug_2019_OP04_006.h5,67.584
M02,OP04,good,M02_Aug_2021_OP04_003.h5,72.192
M02,OP04,good,M02_Aug_2021_OP04_000.h5,70.144
M02,OP04,good,M02_Aug_2019_OP04_004.h5,67.584
M02,OP04,good,M02_Aug_2020_OP04_001.h5,49.152
M02,OP04,good,M02_Aug_2019_OP04_008.h5,67.584
M02,OP04,good,M02_Feb_2019_OP04_001.h5,68.4
M02,OP04,good,M02_Feb_2021_OP04_003.h5,69.632
M02,OP04,good,M02_Feb_2021_OP04_004.h5,70.656
M02,OP04,good,M02_Aug_2020_OP04_000.h5,49.664
M02,OP04,good,M02_Aug_2020_OP04_004.h5,67.584
M02,OP04,good,M02_Aug_2021_OP04_002.h5,70.144
M02,OP04,good,M02_Aug_2019_OP04_010.h5,67.584
M02,OP04,good,M02_Feb_2021_OP04_000.h5,68.096
M02,OP04,good,M02_Aug_2020_OP04_002.h5,49.664
M02,OP04,good,M02_Aug_2019_OP04_007.h5,67.584
M02,OP04,good,M02_Feb_2019_OP04_002.h5,67.8
M02,OP04,good,M02_Aug_2021_OP04_001.h5,69.632
M02,OP04,good,M02_Aug_2020_OP04_003.h5,49.152
M02,OP04,good,M02_Aug_2019_OP04_003.h5,67.584
M02,OP04,good,M02_Aug_2019_OP04_000.h5,67.584
M02,OP04,good,M02_Aug_2019_OP04_001.h5,67.584
M02,OP04,good,M02_Feb_2021_OP04_002.h5,67.072
M02,OP04,good,M02_Aug_2019_OP04_009.h5,67.072
M02,OP04,good,M02_Aug_2019_OP04_005.h5,67.072
M02,OP04,good,M02_Aug_2019_OP04_002.h5,67.584
M02,OP04,bad,M02_Feb_2019_OP04_000.h5,62.3655
M02,OP04,bad,M02_Feb_2019_OP04_002.h5,62.8755
M02,OP04,bad,M02_Aug_2019_OP04_000.h5,59.595
M02,OP13,good,M02_Feb_2021_OP13_002.h5,33.28
M02,OP13,good,M02_Feb_2021_OP13_003.h5,32.768
M02,OP13,good,M02_Feb_2020_OP13_005.h5,33.28
M02,OP13,good,M02_Aug_2019_OP13_003.h5,32.768
M02,OP13,good,M02_Aug_2019_OP13_009.h5,32.768
M02,OP13,good,M02_Aug_2019_OP13_001.h5,32.768
M02,OP13,good,M02_Aug_2019_OP13_018.h5,32.768
M02,OP13,good,M02_Aug_2021_OP13_002.h5,32.768
M02,OP13,good,M02_Aug_2019_OP13_014.h5,32.768
M02,OP13,good,M02_Aug_2020_OP13_000.h5,33.792
M02,OP13,good,M02_Aug_2019_OP13_004.h5,32.768
M02,OP13,good,M02_Aug_2021_OP13_003.h5,32.256
M02,OP13,good,M02_Aug_2020_OP13_001.h5,32.768
M02,OP13,good,M02_Feb_2021_OP13_000.h5,32.256
M02,OP13,good,M02_Aug_2020_OP13_003.h5,32.768
M02,OP13,good,M02_Aug_2019_OP13_002.h5,33.28
M02,OP13,good,M02_Feb_2019_OP13_001.h5,33.0
M02,OP13,good,M02_Aug_2019_OP13_012.h5,32.768
M02,OP13,good,M02_Feb_2019_OP13_002.h5,33.6
M02,OP13,good,M02_Aug_2021_OP13_000.h5,33.28
M02,OP13,good,M02_Aug_2019_OP13_005.h5,32.768
M02,OP13,good,M02_Aug_2019_OP13_008.h5,32.768
M02,OP13,good,M02_Feb_2021_OP13_004.h5,32.768
M02,OP13,good,M02_Aug_2019_OP13_019.h5,33.28
M02,OP13,good,M02_Feb_2020_OP13_001.h5,32.768
M02,OP13,good,M02_Aug_2019_OP13_000.h5,32.768
M02,OP13,good,M02_Aug_2019_OP13_015.h5,33.28
M02,OP13,good,M02_Aug_2019_OP13_010.h5,32.768
M02,OP13,good,M02_Aug_2020_OP13_004.h5,33.28
M02,OP13,good,M02_Feb_2021_OP13_010.h5,32.768
M02,OP13,good,M02_Aug_2019_OP13_007.h5,32.768
M02,OP13,good,M02_Feb_2021_OP13_007.h5,32.768
M02,OP13,good,M02_Feb_2021_OP13_001.h5,32.256
M02,OP13,good,M02_Feb_2019_OP13_000.h5,33.6
M02,OP13,good,M02_Feb_2021_OP13_006.h5,33.28
M02,OP13,good,M02_Aug_2019_OP13_016.h5,32.768
M02,OP13,good,M02_Aug_2020_OP13_002.h5,32.768
M02,OP13,good,M02_Feb_2021_OP13_009.h5,32.768
M02,OP13,good,M02_Feb_2021_OP13_008.h5,32.768
M02,OP13,good,M02_Aug_2019_OP13_017.h5,32.768
M02,OP13,good,M02_Aug_2021_OP13_001.h5,32.256
M02,OP13,good,M02_Feb_2020_OP13_003.h5,32.768
M02,OP13,good,M02_Feb_2020_OP13_002.h5,33.28
M02,OP13,good,M02_Feb_2020_OP13_000.h5,33.28
M02,OP13,good,M02_Aug_2019_OP13_013.h5,32.768
M02,OP13,good,M02_Feb_2021_OP13_011.h5,32.768
M02,OP13,good,M02_Aug_2019_OP13_006.h5,32.768
M02,OP13,good,M02_Aug_2019_OP13_011.h5,33.28
M02,OP13,good,M02_Feb_2020_OP13_004.h5,34.816
M02,OP13,good,M02_Aug_2019_OP13_020.h5,32.768
M02,OP13,good,M02_Feb_2021_OP13_005.h5,32.768
M02,OP14,good,M02_Feb_2021_OP14_002.h5,36.352
M02,OP14,good,M02_Feb_2021_OP14_010.h5,32.768
M02,OP14,good,M02_Feb_2021_OP14_011.h5,35.84
M02,OP14,good,M02_Aug_2020_OP14_001.h5,32.768
M02,OP14,good,M02_Feb_2021_OP14_007.h5,32.768
M02,OP14,good,M02_Feb_2021_OP14_008.h5,33.28
M02,OP14,good,M02_Aug_2019_OP14_014.h5,33.792
M02,OP14,good,M02_Aug_2019_OP14_016.h5,32.768
M02,OP14,good,M02_Aug_2019_OP14_008.h5,32.256
M02,OP14,good,M02_Aug_2019_OP14_015.h5,32.256
M02,OP14,good,M02_Feb_2020_OP14_002.h5,34.304
M02,OP14,good,M02_Aug_2019_OP14_004.h5,32.256
M02,OP14,good,M02_Feb_2020_OP14_000.h5,34.304
M02,OP14,good,M02_Aug_2019_OP14_020.h5,33.792
M02,OP14,good,M02_Aug_2019_OP14_017.h5,32.256
M02,OP14,good,M02_Feb_2021_OP14_000.h5,35.328
M02,OP14,good,M02_Feb_2020_OP14_004.h5,33.792
M02,OP14,good,M02_Aug_2021_OP14_001.h5,33.792
M02,OP14,good,M02_Feb_2021_OP14_006.h5,32.768
M02,OP14,good,M02_Aug_2019_OP14_003.h5,32.768
M02,OP14,good,M02_Aug_2021_OP14_002.h5,33.28
M02,OP14,good,M02_Aug_2021_OP14_000.h5,33.792
M02,OP14,good,M02_Aug_2019_OP14_005.h5,34.304
M02,OP14,good,M02_Aug_2020_OP14_003.h5,32.768
M02,OP14,good,M02_Aug_2019_OP14_012.h5,32.768
M02,OP14,good,M02_Feb_2021_OP14_003.h5,35.84
M02,OP14,good,M02_Feb_2021_OP14_012.h5,33.28
M02,OP14,good,M02_Aug_2019_OP14_002.h5,32.768
M02,OP14,good,M02_Feb_2021_OP14_001.h5,35.328
M02,OP14,good,M02_Feb_2021_OP14_013.h5,32.768
M02,OP14,good,M02_Feb_2020_OP14_003.h5,34.304
M02,OP14,good,M02_Feb_2021_OP14_009.h5,35.84
M02,OP14,good,M02_Aug_2020_OP14_002.h5,32.256
M02,OP14,good,M02_Aug_2019_OP14_018.h5,33.792
M02,OP14,good,M02_Aug_2019_OP14_021.h5,32.768
M02,OP14,good,M02_Aug_2020_OP14_000.h5,33.28
M02,OP14,good,M02_Aug_2019_OP14_001.h5,33.792
M02,OP14,good,M02_Aug_2019_OP14_019.h5,33.792
M02,OP14,good,M02_Feb_2019_OP14_002.h5,33.6
M02,OP14,good,M02_Feb_2020_OP14_001.h5,33.792
M02,OP14,good,M02_Feb_2019_OP14_000.h5,32.4
M02,OP14,good,M02_Feb_2020_OP14_005.h5,33.28
M02,OP14,good,M02_Feb_2021_OP14_014.h5,32.768
M02,OP14,good,M02_Feb_2021_OP14_005.h5,35.328
M02,OP14,good,M02_Aug_2019_OP14_007.h5,34.304
M02,OP14,good,M02_Aug_2019_OP14_013.h5,32.256
M02,OP14,good,M02_Aug_2019_OP14_011.h5,33.792
M02,OP14,good,M02_Aug_2019_OP14_010.h5,32.768
M02,OP14,good,M02_Aug_2019_OP14_009.h5,32.256
M02,OP14,good,M02_Aug_2019_OP14_006.h5,33.792
M02,OP14,good,M02_Aug_2019_OP14_000.h5,33.792
M02,OP14,good,M02_Aug_2021_OP14_003.h5,33.792
M02,OP14,good,M02_Feb_2019_OP14_001.h5,33.0
M02,OP14,good,M02_Feb_2021_OP14_004.h5,33.28
M02,OP14,bad,M02_Feb_2019_OP14_000.h5,26.5805
M02,OP14,bad,M02_Feb_2019_OP14_001.h5,26.5205
M02,OP03,good,M02_Aug_2019_OP03_004.h5,80.384
M02,OP03,good,M02_Aug_2019_OP03_001.h5,79.872
M02,OP03,good,M02_Aug_2019_OP03_006.h5,79.872
M02,OP03,good,M02_Aug_2020_OP03_003.h5,79.36
M02,OP03,good,M02_Aug_2019_OP03_007.h5,79.872
M02,OP03,good,M02_Feb_2020_OP03_003.h5,79.36
M02,OP03,good,M02_Aug_2019_OP03_003.h5,77.312
M02,OP03,good,M02_Aug_2020_OP03_000.h5,79.36
M02,OP03,good,M02_Aug_2019_OP03_009.h5,79.872
M02,OP03,good,M02_Aug_2019_OP03_000.h5,79.872
M02,OP03,good,M02_Aug_2019_OP03_005.h5,79.872
M02,OP03,good,M02_Aug_2019_OP03_010.h5,79.872
M02,OP03,good,M02_Aug_2020_OP03_001.h5,80.384
M02,OP03,good,M02_Aug_2019_OP03_015.h5,77.312
M02,OP03,good,M02_Feb_2020_OP03_000.h5,76.288
M02,OP03,good,M02_Aug_2021_OP03_000.h5,78.336
M02,OP03,good,M02_Aug_2019_OP03_012.h5,79.872
M02,OP03,good,M02_Feb_2020_OP03_001.h5,79.36
M02,OP03,good,M02_Aug_2019_OP03_013.h5,78.848
M02,OP03,good,M02_Aug_2019_OP03_014.h5,79.872
M02,OP03,good,M02_Feb_2019_OP03_000.h5,81.0
M02,OP03,good,M02_Aug_2020_OP03_002.h5,78.848
M02,OP03,good,M02_Aug_2019_OP03_002.h5,79.872
M02,OP03,good,M02_Feb_2020_OP03_004.h5,78.336
M02,OP03,good,M02_Aug_2019_OP03_016.h5,79.872
M02,OP03,good,M02_Feb_2020_OP03_002.h5,76.8
M02,OP03,good,M02_Aug_2019_OP03_008.h5,77.312
M02,OP03,good,M02_Aug_2019_OP03_011.h5,79.872
M02,OP03,bad,M02_Feb_2021_OP03_000.h5,75.0
M02,OP01,good,M02_Aug_2021_OP01_003.h5,29.696
M02,OP01,good,M02_Aug_2019_OP01_012.h5,29.696
M02,OP01,good,M02_Aug_2019_OP01_016.h5,29.184
M02,OP01,good,M02_Aug_2019_OP01_009.h5,29.184
M02,OP01,good,M02_Aug_2019_OP01_013.h5,29.184
M02,OP01,good,M02_Feb_2021_OP01_010.h5,30.208
M02,OP01,good,M02_Aug_2019_OP01_005.h5,29.184
M02,OP01,good,M02_Feb_2020_OP01_005.h5,29.184
M02,OP01,good,M02_Aug_2019_OP01_010.h5,29.696
M02,OP01,good,M02_Aug_2019_OP01_003.h5,29.696
M02,OP01,good,M02_Aug_2019_OP01_002.h5,28.672
M02,OP01,good,M02_Feb_2021_OP01_002.h5,29.184
M02,OP01,good,M02_Aug_2019_OP01_019.h5,28.672
M02,OP01,good,M02_Feb_2021_OP01_005.h5,32.256
M02,OP01,good,M02_Aug_2019_OP01_014.h5,29.184
M02,OP01,good,M02_Feb_2021_OP01_008.h5,31.744
M02,OP01,good,M02_Feb_2019_OP01_000.h5,29.4
M02,OP01,good,M02_Feb_2019_OP01_001.h5,30.0
M02,OP01,good,M02_Feb_2021_OP01_001.h5,31.232
M02,OP01,good,M02_Aug_2019_OP01_011.h5,29.184
M02,OP01,good,M02_Aug_2019_OP01_004.h5,29.184
M02,OP01,good,M02_Aug_2020_OP01_000.h5,32.768
M02,OP01,good,M02_Aug_2019_OP01_015.h5,29.184
M02,OP01,good,M02_Aug_2019_OP01_008.h5,29.184
M02,OP01,good,M02_Feb_2020_OP01_003.h5,27.136
M02,OP01,good,M02_Aug_2020_OP01_001.h5,32.256
M02,OP01,good,M02_Aug_2021_OP01_002.h5,29.696
M02,OP01,good,M02_Aug_2020_OP01_002.h5,32.256
M02,OP01,good,M02_Feb_2020_OP01_004.h5,29.184
M02,OP01,good,M02_Aug_2019_OP01_020.h5,29.696
M02,OP01,good,M02_Aug_2019_OP01_000.h5,27.136
M02,OP01,good,M02_Feb_2021_OP01_006.h5,29.184
M02,OP01,good,M02_Feb_2021_OP01_007.h5,31.744
M02,OP01,good,M02_Aug_2019_OP01_001.h5,29.696
M02,OP01,good,M02_Feb_2021_OP01_000.h5,31.744
M02,OP01,good,M02_Aug_2019_OP01_018.h5,29.184
M02,OP01,good,M02_Feb_2019_OP01_002.h5,30.0
M02,OP01,good,M02_Aug_2020_OP01_003.h5,30.208
M02,OP01,good,M02_Aug_2021_OP01_000.h5,30.208
M02,OP01,good,M02_Feb_2021_OP01_011.h5,30.208
M02,OP01,good,M02_Aug_2021_OP01_001.h5,30.208
M02,OP01,good,M02_Aug_2019_OP01_006.h5,29.184
M02,OP01,good,M02_Feb_2021_OP01_009.h5,31.744
M02,OP01,good,M02_Feb_2020_OP01_001.h5,29.184
M02,OP01,good,M02_Aug_2019_OP01_007.h5,29.184
M02,OP01,good,M02_Feb_2020_OP01_002.h5,29.184
M02,OP01,good,M02_Feb_2021_OP01_004.h5,31.232
M02,OP01,good,M02_Feb_2020_OP01_000.h5,27.136
M02,OP01,good,M02_Aug_2020_OP01_004.h5,29.184
M02,OP01,good,M02_Aug_2019_OP01_017.h5,29.184
M02,OP01,good,M02_Feb_2021_OP01_003.h5,33.28
M02,OP01,bad,M02_Feb_2019_OP01_000.h5,23.4055
M02,OP01,bad,M02_Feb_2019_OP01_001.h5,23.2555
M02,OP01,bad,M02_Aug_2019_OP01_000.h5,21.6805
M02,OP00,good,M02_Aug_2019_OP00_004.h5,131.584
M02,OP00,good,M02_Feb_2021_OP00_002.h5,137.216
M02,OP00,good,M02_Aug_2019_OP00_006.h5,134.144
M02,OP00,good,M02_Aug_2019_OP00_002.h5,134.656
M02,OP00,good,M02_Feb_2020_OP00_000.h5,134.144
M02,OP00,good,M02_Feb_2021_OP00_003.h5,136.704
M02,OP00,good,M02_Feb_2020_OP00_005.h5,134.144
M02,OP00,good,M02_Aug_2021_OP00_002.h5,134.144
M02,OP00,good,M02_Aug_2019_OP00_009.h5,134.144
M02,OP00,good,M02_Aug_2019_OP00_000.h5,134.144
M02,OP00,good,M02_Aug_2019_OP00_003.h5,133.632
M02,OP00,good,M02_Feb_2021_OP00_001.h5,136.704
M02,OP00,good,M02_Aug_2021_OP00_003.h5,158.72
M02,OP00,good,M02_Aug_2019_OP00_005.h5,133.632
M02,OP00,good,M02_Feb_2021_OP00_004.h5,136.192
M02,OP00,good,M02_Feb_2020_OP00_001.h5,134.656
M02,OP00,good,M02_Aug_2021_OP00_001.h5,135.168
M02,OP00,good,M02_Aug_2021_OP00_000.h5,135.168
M02,OP00,good,M02_Feb_2021_OP00_005.h5,136.704
M02,OP00,good,M02_Aug_2019_OP00_007.h5,134.144
M02,OP00,good,M02_Feb_2020_OP00_004.h5,134.656
M02,OP00,good,M02_Aug_2019_OP00_001.h5,134.144
M02,OP00,good,M02_Feb_2020_OP00_002.h5,132.608
M02,OP00,good,M02_Feb_2020_OP00_003.h5,134.144
M02,OP00,good,M02_Aug_2019_OP00_008.h5,134.144
M02,OP00,good,M02_Feb_2021_OP00_000.h5,136.704
M02,OP00,bad,M02_Feb_2021_OP00_000.h5,130.0
M02,OP07,good,M02_Feb_2021_OP07_002.h5,26.624
M02,OP07,good,M02_Feb_2021_OP07_001.h5,26.112
M02,OP07,good,M02_Aug_2019_OP07_016.h5,24.576
M02,OP07,good,M02_Feb_2020_OP07_005.h5,24.576
M02,OP07,good,M02_Feb_2021_OP07_011.h5,26.112
M02,OP07,good,M02_Aug_2019_OP07_011.h5,24.576
M02,OP07,good,M02_Aug_2020_OP07_000.h5,25.088
M02,OP07,good,M02_Feb_2021_OP07_005.h5,27.136
M02,OP07,good,M02_Aug_2019_OP07_012.h5,24.576
M02,OP07,good,M02_Aug_2019_OP07_002.h5,25.088
M02,OP07,good,M02_Aug_2019_OP07_015.h5,24.576
M02,OP07,good,M02_Feb_2021_OP07_010.h5,27.136
M02,OP07,good,M02_Aug_2019_OP07_001.h5,25.088
M02,OP07,good,M02_Feb_2021_OP07_007.h5,26.112
M02,OP07,good,M02_Aug_2019_OP07_006.h5,24.576
M02,OP07,good,M02_Aug_2020_OP07_002.h5,24.576
M02,OP07,good,M02_Aug_2019_OP07_005.h5,24.576
M02,OP07,good,M02_Feb_2020_OP07_004.h5,22.528
M02,OP07,good,M02_Aug_2021_OP07_003.h5,25.088
M02,OP07,good,M02_Aug_2019_OP07_018.h5,25.088
M02,OP07,good,M02_Feb_2020_OP07_006.h5,24.576
M02,OP07,good,M02_Aug_2020_OP07_003.h5,24.576
M02,OP07,good,M02_Aug_2019_OP07_017.h5,25.088
M02,OP07,good,M02_Feb_2021_OP07_008.h5,26.112
M02,OP07,good,M02_Aug_2019_OP07_008.h5,24.576
M02,OP07,good,M02_Feb_2020_OP07_002.h5,24.576
M02,OP07,good,M02_Aug_2019_OP07_019.h5,24.576
M02,OP07,good,M02_Aug_2021_OP07_001.h5,25.088
M02,OP07,good,M02_Aug_2019_OP07_020.h5,24.576
M02,OP07,good,M02_Aug_2020_OP07_004.h5,24.576
M02,OP07,good,M02_Aug_2019_OP07_004.h5,25.088
M02,OP07,good,M02_Feb_2021_OP07_006.h5,26.112
M02,OP07,good,M02_Aug_2021_OP07_002.h5,25.088
M02,OP07,good,M02_Aug_2019_OP07_000.h5,25.088
M02,OP07,good,M02_Feb_2021_OP07_003.h5,27.136
M02,OP07,good,M02_Feb_2021_OP07_004.h5,26.112
M02,OP07,good,M02_Aug_2019_OP07_010.h5,24.576
M02,OP07,good,M02_Aug_2019_OP07_013.h5,25.088
M02,OP07,good,M02_Aug_2020_OP07_001.h5,25.088
M02,OP07,good,M02_Feb_2021_OP07_009.h5,26.112
M02,OP07,good,M02_Aug_2019_OP07_007.h5,25.088
M02,OP07,good,M02_Feb_2019_OP07_001.h5,25.2
M02,OP07,good,M02_Feb_2019_OP07_002.h5,24.6
M02,OP07,good,M02_Feb_2021_OP07_000.h5,25.6
M02,OP07,good,M02_Feb_2020_OP07_000.h5,24.064
M02,OP07,good,M02_Aug_2021_OP07_000.h5,25.6
M02,OP07,good,M02_Feb_2019_OP07_000.h5,25.2
M02,OP07,good,M02_Aug_2019_OP07_003.h5,25.088
M02,OP07,good,M02_Feb_2020_OP07_003.h5,24.576
M02,OP07,good,M02_Feb_2020_OP07_001.h5,24.576
M02,OP07,good,M02_Aug_2019_OP07_014.h5,24.576
M02,OP07,good,M02_Aug_2019_OP07_009.h5,24.576
M02,OP07,bad,M02_Aug_2019_OP07_000.h5,17.2235
M02,OP07,bad,M02_Feb_2019_OP07_001.h5,18.8355
M02,OP07,bad,M02_Feb_2019_OP07_000.h5,18.7655
M02,OP10,good,M02_Aug_2019_OP10_011.h5,48.128
M02,OP10,good,M02_Feb_2020_OP10_005.h5,48.64
M02,OP10,good,M02_Feb_2021_OP10_012.h5,50.688
M02,OP10,good,M02_Aug_2019_OP10_015.h5,48.128
M02,OP10,good,M02_Feb_2020_OP10_000.h5,48.128
M02,OP10,good,M02_Aug_2019_OP10_001.h5,48.128
M02,OP10,good,M02_Aug_2021_OP10_000.h5,49.152
M02,OP10,good,M02_Aug_2019_OP10_016.h5,48.128
M02,OP10,good,M02_Feb_2021_OP10_006.h5,50.688
M02,OP10,good,M02_Aug_2021_OP10_001.h5,49.152
M02,OP10,good,M02_Aug_2019_OP10_002.h5,48.64
M02,OP10,good,M02_Feb_2020_OP10_004.h5,46.592
M02,OP10,good,M02_Feb_2021_OP10_001.h5,50.688
M02,OP10,good,M02_Feb_2019_OP10_000.h5,49.2
M02,OP10,good,M02_Feb_2021_OP10_000.h5,48.128
M02,OP10,good,M02_Aug_2019_OP10_017.h5,48.64
M02,OP10,good,M02_Aug_2019_OP10_003.h5,46.08
M02,OP10,good,M02_Aug_2019_OP10_004.h5,48.128
M02,OP10,good,M02_Aug_2019_OP10_012.h5,48.128
M02,OP10,good,M02_Aug_2019_OP10_008.h5,48.64
M02,OP10,good,M02_Aug_2019_OP10_009.h5,48.64
M02,OP10,good,M02_Feb_2021_OP10_008.h5,50.688
M02,OP10,good,M02_Feb_2020_OP10_002.h5,48.128
M02,OP10,good,M02_Aug_2020_OP10_002.h5,48.128
M02,OP10,good,M02_Aug_2019_OP10_005.h5,48.64
M02,OP10,good,M02_Feb_2021_OP10_011.h5,51.2
M02,OP10,good,M02_Aug_2019_OP10_014.h5,48.64
M02,OP10,good,M02_Aug_2020_OP10_003.h5,48.64
M02,OP10,good,M02_Feb_2021_OP10_005.h5,48.64
M02,OP10,good,M02_Feb_2020_OP10_003.h5,48.64
M02,OP10,good,M02_Aug_2020_OP10_000.h5,48.64
M02,OP10,good,M02_Aug_2019_OP10_000.h5,48.64
M02,OP10,good,M02_Aug_2019_OP10_007.h5,48.128
M02,OP10,good,M02_Feb_2021_OP10_007.h5,48.64
M02,OP10,good,M02_Feb_2020_OP10_001.h5,48.64
M02,OP10,good,M02_Feb_2021_OP10_004.h5,50.688
M02,OP10,good,M02_Feb_2021_OP10_009.h5,50.176
M02,OP10,good,M02_Aug_2020_OP10_001.h5,48.128
M02,OP10,good,M02_Feb_2021_OP10_003.h5,50.688
M02,OP10,good,M02_Aug_2019_OP10_006.h5,48.128
M02,OP10,good,M02_Aug_2019_OP10_010.h5,48.128
M02,OP10,good,M02_Feb_2021_OP10_002.h5,50.688
M02,OP10,good,M02_Aug_2019_OP10_013.h5,48.128
M02,OP10,good,M02_Feb_2021_OP10_010.h5,49.152
M02,OP10,bad,M02_Feb_2019_OP10_000.h5,42.7955
M02,OP10,bad,M02_Feb_2019_OP10_001.h5,42.8205
M02,OP05,good,M02_Aug_2021_OP05_001.h5,20.992
M02,OP05,good,M02_Aug_2019_OP05_017.h5,20.992
M02,OP05,good,M02_Aug_2019_OP05_005.h5,20.992
M02,OP05,good,M02_Aug_2020_OP05_003.h5,18.432
M02,OP05,good,M02_Aug_2019_OP05_004.h5,20.48
M02,OP05,good,M02_Feb_2021_OP05_004.h5,22.016
M02,OP05,good,M02_Aug_2019_OP05_016.h5,18.432
M02,OP05,good,M02_Feb_2020_OP05_004.h5,20.48
M02,OP05,good,M02_Aug_2019_OP05_001.h5,20.992
M02,OP05,good,M02_Aug_2019_OP05_006.h5,19.456
M02,OP05,good,M02_Aug_2020_OP05_001.h5,20.992
M02,OP05,good,M02_Aug_2019_OP05_010.h5,18.432
M02,OP05,good,M02_Aug_2019_OP05_012.h5,20.48
M02,OP05,good,M02_Feb_2021_OP05_008.h5,21.504
M02,OP05,good,M02_Feb_2021_OP05_009.h5,22.528
M02,OP05,good,M02_Aug_2019_OP05_003.h5,20.48
M02,OP05,good,M02_Feb_2021_OP05_006.h5,22.016
M02,OP05,good,M02_Feb_2020_OP05_005.h5,21.504
M02,OP05,good,M02_Feb_2020_OP05_000.h5,20.992
M02,OP05,good,M02_Feb_2021_OP05_001.h5,22.016
M02,OP05,good,M02_Feb_2021_OP05_003.h5,21.504
M02,OP05,good,M02_Feb_2020_OP05_002.h5,20.992
M02,OP05,good,M02_Feb_2021_OP05_005.h5,19.968
M02,OP05,good,M02_Aug_2021_OP05_000.h5,20.992
M02,OP05,good,M02_Aug_2019_OP05_013.h5,20.992
M02,OP05,good,M02_Aug_2020_OP05_000.h5,20.992
M02,OP05,good,M02_Feb_2020_OP05_003.h5,20.992
M02,OP05,good,M02_Aug_2019_OP05_009.h5,20.992
M02,OP05,good,M02_Aug_2019_OP05_000.h5,20.48
M02,OP05,good,M02_Aug_2019_OP05_008.h5,20.992
M02,OP05,good,M02_Feb_2021_OP05_007.h5,19.456
M02,OP05,good,M02_Feb_2020_OP05_001.h5,20.992
M02,OP05,good,M02_Aug_2019_OP05_015.h5,20.992
M02,OP05,good,M02_Aug_2019_OP05_011.h5,18.432
M02,OP05,good,M02_Feb_2021_OP05_000.h5,21.504
M02,OP05,good,M02_Feb_2021_OP05_002.h5,22.528
M02,OP05,good,M02_Feb_2019_OP05_000.h5,21.6
M02,OP05,good,M02_Aug_2020_OP05_002.h5,20.48
M02,OP05,good,M02_Aug_2019_OP05_014.h5,20.992
M02,OP05,good,M02_Aug_2019_OP05_007.h5,18.944
M02,OP05,good,M02_Feb_2021_OP05_010.h5,21.504
M02,OP05,good,M02_Aug_2019_OP05_002.h5,20.48
M02,OP05,bad,M02_Feb_2019_OP05_000.h5,15.0955
M02,OP05,bad,M02_Feb_2019_OP05_001.h5,15.0205
M02,OP02,good,M02_Aug_2019_OP02_019.h5,44.032
M02,OP02,good,M02_Aug_2020_OP02_002.h5,41.984
M02,OP02,good,M02_Aug_2019_OP02_017.h5,43.52
M02,OP02,good,M02_Aug_2019_OP02_010.h5,43.52
M02,OP02,good,M02_Aug_2019_OP02_006.h5,44.032
M02,OP02,good,M02_Aug_2019_OP02_000.h5,44.032
M02,OP02,good,M02_Feb_2021_OP02_010.h5,48.128
M02,OP02,good,M02_Feb_2021_OP02_001.h5,43.52
M02,OP02,good,M02_Aug_2019_OP02_003.h5,41.984
M02,OP02,good,M02_Aug_2021_OP02_003.h5,44.544
M02,OP02,good,M02_Aug_2019_OP02_005.h5,41.984
M02,OP02,good,M02_Aug_2019_OP02_013.h5,44.032
M02,OP02,good,M02_Aug_2020_OP02_003.h5,44.032
M02,OP02,good,M02_Aug_2019_OP02_001.h5,44.032
M02,OP02,good,M02_Feb_2021_OP02_008.h5,46.08
M02,OP02,good,M02_Feb_2021_OP02_006.h5,45.568
M02,OP02,good,M02_Feb_2020_OP02_005.h5,44.544
M02,OP02,good,M02_Feb_2020_OP02_006.h5,44.032
M02,OP02,good,M02_Aug_2019_OP02_014.h5,44.032
M02,OP02,good,M02_Aug_2019_OP02_020.h5,44.032
M02,OP02,good,M02_Aug_2019_OP02_011.h5,44.032
M02,OP02,good,M02_Feb_2021_OP02_007.h5,45.056
M02,OP02,good,M02_Aug_2019_OP02_009.h5,44.544
M02,OP02,good,M02_Feb_2020_OP02_002.h5,44.544
M02,OP02,good,M02_Feb_2021_OP02_003.h5,47.104
M02,OP02,good,M02_Aug_2020_OP02_001.h5,44.544
M02,OP02,good,M02_Feb_2020_OP02_001.h5,41.984
M02,OP02,good,M02_Feb_2020_OP02_000.h5,41.984
M02,OP02,good,M02_Feb_2021_OP02_004.h5,45.568
M02,OP02,good,M02_Feb_2021_OP02_011.h5,45.056
M02,OP02,good,M02_Aug_2019_OP02_007.h5,44.032
M02,OP02,good,M02_Aug_2019_OP02_002.h5,44.032
M02,OP02,good,M02_Aug_2019_OP02_008.h5,44.032
M02,OP02,good,M02_Feb_2019_OP02_002.h5,45.0
M02,OP02,good,M02_Aug_2019_OP02_012.h5,41.984
M02,OP02,good,M02_Aug_2019_OP02_004.h5,44.032
M02,OP02,good,M02_Feb_2020_OP02_003.h5,44.032
M02,OP02,good,M02_Aug_2021_OP02_001.h5,45.056
M02,OP02,good,M02_Feb_2021_OP02_002.h5,48.128
M02,OP02,good,M02_Aug_2020_OP02_004.h5,44.032
M02,OP02,good,M02_Feb_2021_OP02_000.h5,45.056
M02,OP02,good,M02_Aug_2019_OP02_018.h5,44.032
M02,OP02,good,M02_Aug_2020_OP02_000.h5,44.032
M02,OP02,good,M02_Feb_2020_OP02_004.h5,44.544
M02,OP02,good,M02_Aug_2019_OP02_016.h5,43.52
M02,OP02,good,M02_Aug_2021_OP02_002.h5,44.032
M02,OP02,good,M02_Aug_2019_OP02_015.h5,43.52
M02,OP02,good,M02_Feb_2021_OP02_009.h5,43.008
M02,OP02,good,M02_Aug_2021_OP02_000.h5,44.544
M02,OP02,good,M02_Feb_2019_OP02_000.h5,44.4
M02,OP02,good,M02_Feb_2019_OP02_001.h5,44.4
M02,OP02,good,M02_Feb_2021_OP02_005.h5,45.568
M02,OP02,bad,M02_Feb_2019_OP02_000.h5,36.1905
M02,OP02,bad,M02_Feb_2019_OP02_001.h5,37.8705
M02,OP12,good,M02_Aug_2019_OP12_002.h5,48.128
M02,OP12,good,M02_Aug_2019_OP12_007.h5,48.128
M02,OP12,good,M02_Feb_2021_OP12_005.h5,50.688
M02,OP12,good,M02_Feb_2021_OP12_006.h5,48.128
M02,OP12,good,M02_Aug_2019_OP12_000.h5,48.128
M02,OP12,good,M02_Aug_2020_OP12_001.h5,48.64
M02,OP12,good,M02_Aug_2021_OP12_000.h5,48.128
M02,OP12,good,M02_Aug_2019_OP12_005.h5,48.64
M02,OP12,good,M02_Feb_2020_OP12_004.h5,48.128
M02,OP12,good,M02_Feb_2021_OP12_009.h5,50.688
M02,OP12,good,M02_Feb_2020_OP12_002.h5,48.64
M02,OP12,good,M02_Aug_2019_OP12_015.h5,48.128
M02,OP12,good,M02_Aug_2019_OP12_016.h5,48.64
M02,OP12,good,M02_Feb_2021_OP12_007.h5,49.152
M02,OP12,good,M02_Aug_2019_OP12_014.h5,47.104
M02,OP12,good,M02_Feb_2020_OP12_003.h5,48.64
M02,OP12,good,M02_Feb_2021_OP12_003.h5,50.688
M02,OP12,good,M02_Feb_2020_OP12_005.h5,48.64
M02,OP12,good,M02_Aug_2020_OP12_000.h5,47.104
M02,OP12,good,M02_Feb_2021_OP12_000.h5,50.176
M02,OP12,good,M02_Aug_2019_OP12_004.h5,48.64
M02,OP12,good,M02_Feb_2020_OP12_000.h5,49.152
M02,OP12,good,M02_Aug_2019_OP12_006.h5,48.128
M02,OP12,good,M02_Aug_2019_OP12_017.h5,47.104
M02,OP12,good,M02_Feb_2021_OP12_002.h5,48.128
M02,OP12,good,M02_Aug_2019_OP12_012.h5,48.128
M02,OP12,good,M02_Feb_2021_OP12_004.h5,50.688
M02,OP12,good,M02_Feb_2021_OP12_001.h5,50.176
M02,OP12,good,M02_Aug_2019_OP12_001.h5,47.104
M02,OP12,good,M02_Aug_2019_OP12_008.h5,48.128
M02,OP12,good,M02_Aug_2019_OP12_003.h5,47.616
M02,OP12,good,M02_Feb_2020_OP12_001.h5,48.64
M02,OP12,good,M02_Aug_2020_OP12_002.h5,48.64
M02,OP12,good,M02_Aug_2021_OP12_001.h5,48.64
M02,OP12,good,M02_Aug_2019_OP12_011.h5,48.128
M02,OP12,good,M02_Aug_2020_OP12_003.h5,46.08
M02,OP12,good,M02_Feb_2019_OP12_000.h5,49.2
M02,OP12,good,M02_Aug_2019_OP12_010.h5,48.64
M02,OP12,good,M02_Aug_2019_OP12_009.h5,48.128
M02,OP12,good,M02_Feb_2021_OP12_008.h5,50.688
M02,OP12,good,M02_Aug_2021_OP12_002.h5,54.784
M02,OP12,good,M02_Aug_2019_OP12_013.h5,48.128
M02,OP12,bad,M02_Feb_2019_OP12_001.h5,42.6855
M02,OP12,bad,M02_Feb_2019_OP12_000.h5,42.5705
M02,OP11,good,M02_Aug_2019_OP11_017.h5,58.88
M02,OP11,good,M02_Aug_2019_OP11_006.h5,58.88
M02,OP11,good,M02_Aug_2021_OP11_001.h5,58.88
M02,OP11,good,M02_Aug_2019_OP11_015.h5,59.392
M02,OP11,good,M02_Aug_2019_OP11_009.h5,58.368
M02,OP11,good,M02_Aug_2019_OP11_002.h5,58.88
M02,OP11,good,M02_Aug_2019_OP11_005.h5,58.88
M02,OP11,good,M02_Aug_2019_OP11_008.h5,57.344
M02,OP11,good,M02_Feb_2019_OP11_000.h5,60.0
M02,OP11,good,M02_Aug_2020_OP11_000.h5,57.856
M02,OP11,good,M02_Aug_2020_OP11_003.h5,59.392
M02,OP11,good,M02_Aug_2019_OP11_012.h5,58.88
M02,OP11,good,M02_Feb_2020_OP11_002.h5,59.392
M02,OP11,good,M02_Aug_2019_OP11_001.h5,56.832
M02,OP11,good,M02_Feb_2020_OP11_003.h5,59.392
M02,OP11,good,M02_Aug_2020_OP11_002.h5,57.344
M02,OP11,good,M02_Aug_2019_OP11_010.h5,58.88
M02,OP11,good,M02_Aug_2020_OP11_001.h5,60.416
M02,OP11,good,M02_Aug_2019_OP11_007.h5,58.88
M02,OP11,good,M02_Aug_2021_OP11_000.h5,59.904
M02,OP11,good,M02_Aug_2019_OP11_000.h5,59.392
M02,OP11,good,M02_Aug_2019_OP11_016.h5,59.392
M02,OP11,good,M02_Feb_2020_OP11_005.h5,59.392
M02,OP11,good,M02_Aug_2019_OP11_004.h5,58.88
M02,OP11,good,M02_Feb_2020_OP11_001.h5,56.832
M02,OP11,good,M02_Aug_2019_OP11_014.h5,56.32
M02,OP11,good,M02_Aug_2019_OP11_013.h5,56.832
M02,OP11,good,M02_Feb_2020_OP11_004.h5,58.88
M02,OP11,good,M02_Aug_2019_OP11_011.h5,59.392
M02,OP11,good,M02_Feb_2020_OP11_000.h5,58.88
M02,OP11,good,M02_Aug_2019_OP11_003.h5,58.88
M02,OP11,bad,M02_Feb_2019_OP11_000.h5,52.1655
M02,OP11,bad,M02_Feb_2019_OP11_001.h5,51.8905
M03,OP08,good,M03_Aug_2019_OP08_004.h5,37.888
M03,OP08,good,M03_Aug_2019_OP08_008.h5,34.304
M03,OP08,good,M03_Feb_2020_OP08_007.h5,37.888
M03,OP08,good,M03_Feb_2021_OP08_002.h5,38.4
M03,OP08,good,M03_Aug_2019_OP08_017.h5,37.376
M03,OP08,good,M03_Aug_2019_OP08_010.h5,35.84
M03,OP08,good,M03_Aug_2019_OP08_009.h5,36.352
M03,OP08,good,M03_Aug_2019_OP08_005.h5,37.376
M03,OP08,good,M03_Feb_2020_OP08_005.h5,37.376
M03,OP08,good,M03_Aug_2019_OP08_016.h5,37.376
M03,OP08,good,M03_Aug_2019_OP08_015.h5,37.888
M03,OP08,good,M03_Aug_2019_OP08_011.h5,37.376
M03,OP08,good,M03_Feb_2020_OP08_004.h5,37.888
M03,OP08,good,M03_Feb_2021_OP08_000.h5,37.888
M03,OP08,good,M03_Aug_2019_OP08_013.h5,37.888
M03,OP08,good,M03_Aug_2019_OP08_019.h5,35.84
M03,OP08,good,M03_Feb_2020_OP08_006.h5,36.352
M03,OP08,good,M03_Aug_2019_OP08_001.h5,37.376
M03,OP08,good,M03_Aug_2021_OP08_000.h5,37.376
M03,OP08,good,M03_Aug_2019_OP08_014.h5,37.376
M03,OP08,good,M03_Aug_2019_OP08_006.h5,37.888
M03,OP08,good,M03_Aug_2019_OP08_007.h5,38.4
M03,OP08,good,M03_Feb_2021_OP08_003.h5,38.4
M03,OP08,good,M03_Aug_2019_OP08_003.h5,37.888
M03,OP08,good,M03_Feb_2020_OP08_002.h5,35.84
M03,OP08,good,M03_Aug_2020_OP08_001.h5,37.888
M03,OP08,good,M03_Aug_2020_OP08_000.h5,36.352
M03,OP08,good,M03_Aug_2019_OP08_000.h5,35.84
M03,OP08,good,M03_Aug_2019_OP08_018.h5,37.888
M03,OP08,good,M03_Aug_2021_OP08_001.h5,37.376
M03,OP08,good,M03_Feb_2020_OP08_008.h5,35.84
M03,OP08,good,M03_Feb_2021_OP08_001.h5,35.84
M03,OP08,good,M03_Aug_2019_OP08_012.h5,38.4
M03,OP08,good,M03_Feb_2020_OP08_000.h5,37.376
M03,OP08,good,M03_Feb_2020_OP08_009.h5,36.352
M03,OP08,good,M03_Aug_2019_OP08_020.h5,37.888
M03,OP08,good,M03_Feb_2020_OP08_003.h5,37.888
M03,OP08,good,M03_Feb_2020_OP08_001.h5,36.864
M03,OP08,good,M03_Aug_2019_OP08_002.h5,37.376
M03,OP09,good,M03_Aug_2019_OP09_009.h5,101.888
M03,OP09,good,M03_Aug_2020_OP09_000.h5,101.464
M03,OP09,good,M03_Feb_2021_OP09_001.h5,101.888
M03,OP09,good,M03_Aug_2019_OP09_008.h5,102.4
M03,OP09,good,M03_Aug_2019_OP09_005.h5,104.452
M03,OP09,good,M03_Aug_2019_OP09_010.h5,102.4
M03,OP09,good,M03_Aug_2021_OP09_002.h5,103.424
M03,OP09,good,M03_Aug_2019_OP09_013.h5,102.4
M03,OP09,good,M03_Aug_2019_OP09_015.h5,104.452
M03,OP09,good,M03_Feb_2020_OP09_000.h5,103.452
M03,OP09,good,M03_Aug_2019_OP09_014.h5,103.94
M03,OP09,good,M03_Feb_2021_OP09_000.h5,102.88
M03,OP09,good,M03_Feb_2020_OP09_001.h5,103.424
M03,OP09,good,M03_Aug_2021_OP09_000.h5,103.936
M03,OP09,good,M03_Aug_2019_OP09_001.h5,103.452
M03,OP09,good,M03_Aug_2021_OP09_001.h5,103.424
M03,OP09,good,M03_Aug_2019_OP09_003.h5,104.964
M03,OP09,good,M03_Feb_2020_OP09_004.h5,103.424
M03,OP09,good,M03_Feb_2020_OP09_002.h5,102.4
M03,OP09,good,M03_Aug_2020_OP09_001.h5,101.888
M03,OP09,good,M03_Aug_2019_OP09_018.h5,104.452
M03,OP09,good,M03_Aug_2019_OP09_016.h5,103.94
M03,OP09,good,M03_Feb_2021_OP09_004.h5,103.964
M03,OP09,good,M03_Feb_2020_OP09_003.h5,100.864
M03,OP09,good,M03_Aug_2019_OP09_007.h5,101.892
M03,OP09,good,M03_Aug_2019_OP09_011.h5,104.452
M03,OP09,good,M03_Aug_2019_OP09_000.h5,102.94
M03,OP09,good,M03_Feb_2021_OP09_003.h5,103.392
M03,OP09,good,M03_Aug_2019_OP09_012.h5,104.392
M03,OP09,good,M03_Aug_2021_OP09_003.h5,101.888
M03,OP09,good,M03_Aug_2019_OP09_002.h5,104.53
M03,OP09,good,M03_Aug_2019_OP09_004.h5,103.743
M03,OP09,good,M03_Aug_2019_OP09_006.h5,104.452
M03,OP09,good,M03_Aug_2019_OP09_017.h5,104.452
M03,OP09,good,M03_Feb_2021_OP09_002.h5,103.904
M03,OP06,good,M03_Aug_2019_OP06_018.h5,92.16
M03,OP06,good,M03_Aug_2019_OP06_010.h5,91.648
M03,OP06,good,M03_Feb_2021_OP06_002.h5,78.336
M03,OP06,good,M03_Aug_2019_OP06_013.h5,93.184
M03,OP06,good,M03_Feb_2021_OP06_005.h5,78.848
M03,OP06,good,M03_Feb_2020_OP06_003.h5,94.208
M03,OP06,good,M03_Feb_2020_OP06_004.h5,93.184
M03,OP06,good,M03_Feb_2021_OP06_003.h5,92.16
M03,OP06,good,M03_Feb_2021_OP06_001.h5,94.72
M03,OP06,good,M03_Aug_2019_OP06_003.h5,93.184
M03,OP06,good,M03_Feb_2020_OP06_000.h5,93.696
M03,OP06,good,M03_Feb_2020_OP06_005.h5,93.184
M03,OP06,good,M03_Aug_2021_OP06_001.h5,93.696
M03,OP06,good,M03_Aug_2019_OP06_016.h5,92.672
M03,OP06,good,M03_Aug_2019_OP06_014.h5,92.672
M03,OP06,good,M03_Aug_2019_OP06_005.h5,92.16
M03,OP06,good,M03_Aug_2019_OP06_009.h5,93.184
M03,OP06,good,M03_Aug_2019_OP06_012.h5,92.672
M03,OP06,good,M03_Feb_2020_OP06_009.h5,92.672
M03,OP06,good,M03_Aug_2019_OP06_001.h5,92.16
M03,OP06,good,M03_Aug_2019_OP06_008.h5,93.184
M03,OP06,good,M03_Aug_2021_OP06_002.h5,92.16
M03,OP06,good,M03_Aug_2021_OP06_000.h5,77.824
M03,OP06,good,M03_Aug_2019_OP06_002.h5,89.6
M03,OP06,good,M03_Feb_2020_OP06_002.h5,91.648
M03,OP06,good,M03_Feb_2021_OP06_004.h5,95.232
M03,OP06,good,M03_Aug_2019_OP06_015.h5,92.16
M03,OP06,good,M03_Aug_2019_OP06_011.h5,93.696
M03,OP06,good,M03_Aug_2019_OP06_017.h5,92.672
M03,OP06,good,M03_Aug_2019_OP06_000.h5,92.16
M03,OP06,good,M03_Aug_2019_OP06_004.h5,91.648
M03,OP06,good,M03_Feb_2021_OP06_000.h5,94.72
M03,OP06,good,M03_Feb_2020_OP06_001.h5,93.184
M03,OP06,good,M03_Aug_2021_OP06_003.h5,74.752
M03,OP06,good,M03_Aug_2019_OP06_007.h5,91.648
M03,OP04,good,M03_Aug_2019_OP04_016.h5,64.0
M03,OP04,good,M03_Aug_2019_OP04_017.h5,65.024
M03,OP04,good,M03_Feb_2021_OP04_002.h5,66.048
M03,OP04,good,M03_Aug_2019_OP04_007.h5,64.512
M03,OP04,good,M03_Feb_2020_OP04_000.h5,63.488
M03,OP04,good,M03_Aug_2019_OP04_006.h5,64.0
M03,OP04,good,M03_Aug_2019_OP04_004.h5,63.488
M03,OP04,good,M03_Aug_2019_OP04_009.h5,65.536
M03,OP04,good,M03_Aug_2019_OP04_003.h5,65.536
M03,OP04,good,M03_Aug_2019_OP04_019.h5,64.512
M03,OP04,good,M03_Aug_2021_OP04_000.h5,65.536
M03,OP04,good,M03_Aug_2020_OP04_001.h5,65.024
M03,OP04,good,M03_Aug_2020_OP04_002.h5,65.024
M03,OP04,good,M03_Feb_2020_OP04_010.h5,63.488
M03,OP04,good,M03_Aug_2020_OP04_000.h5,65.536
M03,OP04,good,M03_Aug_2019_OP04_018.h5,65.024
M03,OP04,good,M03_Feb_2020_OP04_003.h5,63.488
M03,OP04,good,M03_Feb_2021_OP04_003.h5,65.536
M03,OP04,good,M03_Aug_2019_OP04_014.h5,65.024
M03,OP04,good,M03_Aug_2019_OP04_005.h5,64.512
M03,OP04,good,M03_Aug_2019_OP04_008.h5,65.536
M03,OP04,good,M03_Aug_2021_OP04_001.h5,64.0
M03,OP04,good,M03_Feb_2021_OP04_004.h5,66.56
M03,OP04,good,M03_Aug_2019_OP04_000.h5,64.0
M03,OP04,good,M03_Aug_2019_OP04_013.h5,63.488
M03,OP04,good,M03_Feb_2020_OP04_007.h5,64.0
M03,OP04,good,M03_Feb_2020_OP04_005.h5,65.024
M03,OP04,good,M03_Aug_2019_OP04_001.h5,65.024
M03,OP04,good,M03_Feb_2021_OP04_001.h5,64.0
M03,OP04,good,M03_Aug_2019_OP04_012.h5,64.512
M03,OP04,good,M03_Aug_2020_OP04_003.h5,62.976
M03,OP04,good,M03_Feb_2020_OP04_008.h5,65.024
M03,OP04,good,M03_Aug_2019_OP04_011.h5,65.536
M03,OP04,good,M03_Feb_2020_OP04_006.h5,65.024
M03,OP04,good,M03_Feb_2020_OP04_009.h5,65.024
M03,OP04,good,M03_Aug_2019_OP04_010.h5,65.536
M03,OP04,good,M03_Aug_2019_OP04_015.h5,65.024
M03,OP04,good,M03_Feb_2021_OP04_000.h5,66.56
M03,OP04,good,M03_Feb_2020_OP04_001.h5,65.024
M03,OP04,good,M03_Aug_2019_OP04_002.h5,63.488
M03,OP04,good,M03_Feb_2020_OP04_004.h5,65.024
M03,OP04,good,M03_Feb_2020_OP04_002.h5,65.024
M03,OP04,bad,M03_Aug_2019_OP04_000.h5,57.003
M03,OP04,bad,M03_Feb_2021_OP04_000.h5,60.0
M03,OP13,good,M03_Aug_2019_OP13_016.h5,33.28
M03,OP13,good,M03_Aug_2021_OP13_003.h5,33.28
M03,OP13,good,M03_Aug_2019_OP13_006.h5,32.768
M03,OP13,good,M03_Aug_2019_OP13_015.h5,33.28
M03,OP13,good,M03_Aug_2019_OP13_014.h5,33.28
M03,OP13,good,M03_Feb_2020_OP13_011.h5,33.28
M03,OP13,good,M03_Feb_2020_OP13_000.h5,31.232
M03,OP13,good,M03_Aug_2019_OP13_007.h5,32.768
M03,OP13,good,M03_Aug_2019_OP13_003.h5,31.232
M03,OP13,good,M03_Aug_2021_OP13_000.h5,33.28
M03,OP13,good,M03_Aug_2021_OP13_004.h5,33.28
M03,OP13,good,M03_Aug_2020_OP13_003.h5,31.232
M03,OP13,good,M03_Feb_2020_OP13_004.h5,32.768
M03,OP13,good,M03_Feb_2021_OP13_001.h5,33.28
M03,OP13,good,M03_Aug_2019_OP13_020.h5,32.768
M03,OP13,good,M03_Aug_2019_OP13_008.h5,33.792
M03,OP13,good,M03_Aug_2019_OP13_017.h5,33.28
M03,OP13,good,M03_Feb_2020_OP13_006.h5,33.28
M03,OP13,good,M03_Aug_2019_OP13_011.h5,31.232
M03,OP13,good,M03_Feb_2020_OP13_005.h5,31.232
M03,OP13,good,M03_Aug_2020_OP13_000.h5,33.28
M03,OP13,good,M03_Aug_2020_OP13_001.h5,31.232
M03,OP13,good,M03_Aug_2019_OP13_005.h5,32.768
M03,OP13,good,M03_Feb_2020_OP13_003.h5,31.232
M03,OP13,good,M03_Aug_2019_OP13_021.h5,32.768
M03,OP13,good,M03_Feb_2020_OP13_002.h5,33.28
M03,OP13,good,M03_Feb_2020_OP13_001.h5,31.232
M03,OP13,good,M03_Feb_2020_OP13_009.h5,31.232
M03,OP13,good,M03_Feb_2021_OP13_002.h5,31.744
M03,OP13,good,M03_Feb_2021_OP13_000.h5,33.28
M03,OP13,good,M03_Aug_2019_OP13_012.h5,32.768
M03,OP13,good,M03_Aug_2021_OP13_001.h5,33.28
M03,OP13,good,M03_Aug_2019_OP13_018.h5,33.28
M03,OP13,good,M03_Aug_2019_OP13_010.h5,33.28
M03,OP13,good,M03_Aug_2019_OP13_002.h5,31.232
M03,OP13,good,M03_Aug_2019_OP13_000.h5,32.768
M03,OP13,good,M03_Feb_2020_OP13_008.h5,33.28
M03,OP13,good,M03_Aug_2019_OP13_019.h5,33.28
M03,OP13,good,M03_Aug_2021_OP13_002.h5,33.28
M03,OP13,good,M03_Aug_2019_OP13_004.h5,33.28
M03,OP13,good,M03_Feb_2020_OP13_012.h5,33.28
M03,OP13,good,M03_Aug_2020_OP13_002.h5,32.768
M03,OP13,good,M03_Aug_2019_OP13_001.h5,32.768
M03,OP13,good,M03_Feb_2020_OP13_013.h5,33.28
M03,OP13,good,M03_Aug_2019_OP13_013.h5,31.232
M03,OP13,good,M03_Feb_2020_OP13_010.h5,32.768
M03,OP13,good,M03_Feb_2020_OP13_007.h5,33.28
M03,OP13,good,M03_Aug_2019_OP13_009.h5,31.232
M03,OP03,good,M03_Feb_2021_OP03_002.h5,78.336
M03,OP03,good,M03_Feb_2020_OP03_004.h5,78.336
M03,OP03,good,M03_Feb_2020_OP03_002.h5,76.288
M03,OP03,good,M03_Feb_2020_OP03_001.h5,78.336
M03,OP03,good,M03_Feb_2020_OP03_000.h5,78.848
M03,OP03,good,M03_Aug_2019_OP03_000.h5,79.872
M03,OP03,good,M03_Feb_2020_OP03_003.h5,77.312
M03,OP03,good,M03_Aug_2020_OP03_000.h5,78.336
M03,OP03,good,M03_Feb_2021_OP03_000.h5,75.776
M03,OP03,good,M03_Aug_2020_OP03_001.h5,76.288
M03,OP03,good,M03_Feb_2021_OP03_004.h5,76.288
M03,OP03,good,M03_Aug_2019_OP03_001.h5,79.872
M03,OP03,good,M03_Feb_2021_OP03_001.h5,76.288
M03,OP01,good,M03_Aug_2019_OP01_003.h5,27.136
M03,OP01,good,M03_Aug_2019_OP01_012.h5,27.136
M03,OP01,good,M03_Aug_2019_OP01_017.h5,26.624
M03,OP01,good,M03_Feb_2021_OP01_002.h5,28.672
M03,OP01,good,M03_Feb_2020_OP01_011.h5,27.136
M03,OP01,good,M03_Feb_2021_OP01_003.h5,28.672
M03,OP01,good,M03_Feb_2020_OP01_012.h5,27.136
M03,OP01,good,M03_Aug_2020_OP01_003.h5,26.624
M03,OP01,good,M03_Feb_2020_OP01_002.h5,26.624
M03,OP01,good,M03_Aug_2019_OP01_000.h5,28.16
M03,OP01,good,M03_Feb_2020_OP01_006.h5,26.624
M03,OP01,good,M03_Aug_2019_OP01_019.h5,29.696
M03,OP01,good,M03_Feb_2020_OP01_010.h5,28.672
M03,OP01,good,M03_Aug_2021_OP01_003.h5,29.696
M03,OP01,good,M03_Aug_2019_OP01_016.h5,28.16
M03,OP01,good,M03_Aug_2021_OP01_002.h5,27.136
M03,OP01,good,M03_Feb_2020_OP01_009.h5,28.672
M03,OP01,good,M03_Feb_2021_OP01_000.h5,28.672
M03,OP01,good,M03_Aug_2021_OP01_000.h5,29.696
M03,OP01,good,M03_Aug_2019_OP01_006.h5,28.672
M03,OP01,good,M03_Feb_2020_OP01_001.h5,29.184
M03,OP01,good,M03_Feb_2020_OP01_000.h5,27.136
M03,OP01,good,M03_Aug_2019_OP01_015.h5,28.16
M03,OP01,good,M03_Aug_2020_OP01_001.h5,28.16
M03,OP01,good,M03_Feb_2020_OP01_005.h5,28.16
M03,OP01,good,M03_Aug_2019_OP01_014.h5,28.672
M03,OP01,good,M03_Aug_2019_OP01_007.h5,28.672
M03,OP01,good,M03_Aug_2019_OP01_008.h5,29.184
M03,OP01,good,M03_Feb_2020_OP01_004.h5,28.16
M03,OP01,good,M03_Aug_2021_OP01_001.h5,28.672
M03,OP01,good,M03_Aug_2019_OP01_018.h5,29.184
M03,OP01,good,M03_Aug_2020_OP01_002.h5,28.672
M03,OP01,good,M03_Feb_2020_OP01_007.h5,29.184
M03,OP01,good,M03_Aug_2019_OP01_005.h5,28.16
M03,OP01,good,M03_Aug_2019_OP01_010.h5,28.672
M03,OP01,good,M03_Aug_2019_OP01_009.h5,27.136
M03,OP01,good,M03_Aug_2019_OP01_002.h5,26.624
M03,OP01,good,M03_Aug_2019_OP01_011.h5,27.136
M03,OP01,good,M03_Aug_2019_OP01_001.h5,28.672
M03,OP01,good,M03_Aug_2020_OP01_000.h5,27.136
M03,OP01,good,M03_Aug_2019_OP01_013.h5,28.672
M03,OP01,good,M03_Feb_2020_OP01_008.h5,27.136
M03,OP01,good,M03_Feb_2020_OP01_013.h5,29.184
M03,OP01,good,M03_Aug_2019_OP01_004.h5,27.136
M03,OP01,good,M03_Feb_2021_OP01_004.h5,29.696
M03,OP01,good,M03_Feb_2021_OP01_001.h5,27.136
M03,OP01,good,M03_Feb_2020_OP01_003.h5,27.136
M03,OP01,bad,M03_Aug_2019_OP01_000.h5,17.4505
M03,OP01,bad,M03_Feb_2021_OP01_000.h5,22.0
M03,OP00,good,M03_Feb_2020_OP00_002.h5,131.584
M03,OP00,good,M03_Feb_2020_OP00_000.h5,133.12
M03,OP00,good,M03_Aug_2019_OP00_006.h5,131.584
M03,OP00,good,M03_Aug_2019_OP00_007.h5,131.584
M03,OP00,good,M03_Aug_2021_OP00_001.h5,131.584
M03,OP00,good,M03_Aug_2019_OP00_000.h5,132.096
M03,OP00,good,M03_Aug_2019_OP00_009.h5,132.608
M03,OP00,good,M03_Aug_2019_OP00_012.h5,132.096
M03,OP00,good,M03_Aug_2019_OP00_011.h5,133.12
M03,OP00,good,M03_Aug_2019_OP00_014.h5,133.12
M03,OP00,good,M03_Aug_2019_OP00_003.h5,132.608
M03,OP00,good,M03_Aug_2019_OP00_010.h5,132.608
M03,OP00,good,M03_Feb_2020_OP00_003.h5,133.12
M03,OP00,good,M03_Aug_2021_OP00_002.h5,133.12
M03,OP00,good,M03_Aug_2019_OP00_004.h5,133.12
M03,OP00,good,M03_Feb_2020_OP00_004.h5,134.144
M03,OP00,good,M03_Aug_2019_OP00_013.h5,132.608
M03,OP00,good,M03_Aug_2019_OP00_002.h5,131.072
M03,OP00,good,M03_Aug_2019_OP00_008.h5,130.56
M03,OP00,good,M03_Aug_2019_OP00_018.h5,131.584
M03,OP00,good,M03_Feb_2020_OP00_001.h5,132.096
M03,OP00,good,M03_Aug_2021_OP00_000.h5,132.608
M03,OP00,good,M03_Aug_2019_OP00_019.h5,131.584
M03,OP00,good,M03_Aug_2019_OP00_016.h5,132.096
M03,OP00,good,M03_Aug_2019_OP00_015.h5,131.584
M03,OP00,good,M03_Aug_2019_OP00_005.h5,131.584
M03,OP00,good,M03_Aug_2019_OP00_001.h5,132.096
M03,OP00,good,M03_Aug_2019_OP00_017.h5,132.096
M03,OP07,good,M03_Aug_2019_OP07_004.h5,24.576
M03,OP07,good,M03_Aug_2020_OP07_002.h5,24.576
M03,OP07,good,M03_Aug_2020_OP07_004.h5,25.564
M03,OP07,good,M03_Feb_2020_OP07_002.h5,24.576
M03,OP07,good,M03_Aug_2019_OP07_014.h5,25.088
M03,OP07,good,M03_Feb_2020_OP07_007.h5,24.576
M03,OP07,good,M03_Aug_2019_OP07_021.h5,25.088
M03,OP07,good,M03_Feb_2020_OP07_010.h5,24.576
M03,OP07,good,M03_Aug_2021_OP07_002.h5,23.04
M03,OP07,good,M03_Feb_2020_OP07_012.h5,24.064
M03,OP07,good,M03_Aug_2021_OP07_001.h5,24.576
M03,OP07,good,M03_Feb_2020_OP07_009.h5,23.04
M03,OP07,good,M03_Aug_2019_OP07_001.h5,24.576
M03,OP07,good,M03_Feb_2020_OP07_008.h5,24.576
M03,OP07,good,M03_Aug_2020_OP07_003.h5,24.576
M03,OP07,good,M03_Feb_2020_OP07_000.h5,24.576
M03,OP07,good,M03_Feb_2021_OP07_002.h5,25.088
M03,OP07,good,M03_Feb_2021_OP07_000.h5,25.088
M03,OP07,good,M03_Feb_2020_OP07_005.h5,23.04
M03,OP07,good,M03_Aug_2019_OP07_018.h5,24.576
M03,OP07,good,M03_Feb_2021_OP07_003.h5,24.576
M03,OP07,good,M03_Aug_2021_OP07_003.h5,24.064
M03,OP07,good,M03_Aug_2019_OP07_012.h5,24.576
M03,OP07,good,M03_Feb_2021_OP07_001.h5,24.576
M03,OP07,good,M03_Aug_2019_OP07_009.h5,25.088
M03,OP07,good,M03_Feb_2020_OP07_006.h5,24.576
M03,OP07,good,M03_Aug_2019_OP07_017.h5,24.064
M03,OP07,good,M03_Aug_2019_OP07_016.h5,24.064
M03,OP07,good,M03_Feb_2020_OP07_004.h5,24.576
M03,OP07,good,M03_Aug_2020_OP07_000.h5,22.528
M03,OP07,good,M03_Aug_2019_OP07_020.h5,25.088
M03,OP07,good,M03_Aug_2019_OP07_015.h5,24.064
M03,OP07,good,M03_Feb_2020_OP07_013.h5,23.04
M03,OP07,good,M03_Aug_2019_OP07_007.h5,24.576
M03,OP07,good,M03_Aug_2019_OP07_000.h5,24.064
M03,OP07,good,M03_Aug_2019_OP07_010.h5,22.528
M03,OP07,good,M03_Aug_2019_OP07_008.h5,24.576
M03,OP07,good,M03_Feb_2021_OP07_004.h5,25.088
M03,OP07,good,M03_Aug_2020_OP07_001.h5,22.528
M03,OP07,good,M03_Aug_2019_OP07_013.h5,23.04
M03,OP07,good,M03_Aug_2021_OP07_000.h5,24.576
M03,OP07,good,M03_Feb_2021_OP07_005.h5,25.088
M03,OP07,good,M03_Aug_2019_OP07_019.h5,23.552
M03,OP07,good,M03_Aug_2019_OP07_006.h5,24.576
M03,OP07,good,M03_Aug_2021_OP07_004.h5,24.576
M03,OP07,good,M03_Feb_2020_OP07_001.h5,23.04
M03,OP07,good,M03_Aug_2019_OP07_002.h5,20.992
M03,OP07,good,M03_Feb_2020_OP07_011.h5,24.576
M03,OP07,good,M03_Aug_2019_OP07_003.h5,22.528
M03,OP07,good,M03_Aug_2019_OP07_011.h5,25.088
M03,OP07,good,M03_Aug_2020_OP07_005.h5,25.144
M03,OP07,good,M03_Feb_2020_OP07_003.h5,23.04
M03,OP07,good,M03_Aug_2019_OP07_005.h5,24.064
M03,OP07,bad,M03_Feb_2021_OP07_000.h5,18.0
M03,OP07,bad,M03_Aug_2019_OP07_000.h5,14.736
M03,OP07,bad,M03_Aug_2021_OP07_000.h5,20.0
M03,OP10,good,M03_Feb_2020_OP10_001.h5,43.52
M03,OP10,good,M03_Feb_2020_OP10_007.h5,46.08
M03,OP10,good,M03_Aug_2019_OP10_005.h5,46.08
M03,OP10,good,M03_Feb_2020_OP10_000.h5,45.568
M03,OP10,good,M03_Feb_2021_OP10_001.h5,43.008
M03,OP10,good,M03_Aug_2019_OP10_016.h5,46.08
M03,OP10,good,M03_Feb_2020_OP10_004.h5,41.472
M03,OP10,good,M03_Feb_2020_OP10_002.h5,45.056
M03,OP10,good,M03_Aug_2019_OP10_001.h5,45.568
M03,OP10,good,M03_Aug_2021_OP10_001.h5,43.52
M03,OP10,good,M03_Feb_2020_OP10_009.h5,45.056
M03,OP10,good,M03_Aug_2019_OP10_014.h5,46.08
M03,OP10,good,M03_Feb_2020_OP10_008.h5,45.056
M03,OP10,good,M03_Aug_2019_OP10_010.h5,46.08
M03,OP10,good,M03_Aug_2019_OP10_000.h5,46.08
M03,OP10,good,M03_Aug_2019_OP10_012.h5,46.08
M03,OP10,good,M03_Feb_2020_OP10_003.h5,45.568
M03,OP10,good,M03_Aug_2019_OP10_017.h5,46.592
M03,OP10,good,M03_Feb_2021_OP10_003.h5,46.08
M03,OP10,good,M03_Feb_2020_OP10_005.h5,45.056
M03,OP10,good,M03_Aug_2019_OP10_011.h5,46.592
M03,OP10,good,M03_Aug_2020_OP10_002.h5,43.52
M03,OP10,good,M03_Aug_2019_OP10_008.h5,45.056
M03,OP10,good,M03_Aug_2019_OP10_003.h5,47.104
M03,OP10,good,M03_Aug_2019_OP10_015.h5,46.08
M03,OP10,good,M03_Aug_2019_OP10_018.h5,48.64
M03,OP10,good,M03_Aug_2021_OP10_000.h5,43.008
M03,OP10,good,M03_Aug_2019_OP10_006.h5,45.056
M03,OP10,good,M03_Aug_2020_OP10_000.h5,46.592
M03,OP10,good,M03_Aug_2019_OP10_002.h5,45.568
M03,OP10,good,M03_Aug_2019_OP10_004.h5,47.104
M03,OP10,good,M03_Aug_2019_OP10_019.h5,46.08
M03,OP10,good,M03_Aug_2019_OP10_013.h5,46.592
M03,OP10,good,M03_Aug_2020_OP10_001.h5,45.568
M03,OP10,good,M03_Feb_2021_OP10_002.h5,45.568
M03,OP10,good,M03_Aug_2019_OP10_007.h5,45.568
M03,OP10,good,M03_Feb_2021_OP10_000.h5,47.104
M03,OP10,good,M03_Feb_2020_OP10_006.h5,46.08
M03,OP10,good,M03_Aug_2019_OP10_009.h5,45.056
M03,OP10,bad,M03_Aug_2021_OP10_000.h5,45.0
M03,OP05,good,M03_Feb_2020_OP05_000.h5,22.528
M03,OP05,good,M03_Aug_2019_OP05_004.h5,23.04
M03,OP05,good,M03_Aug_2019_OP05_006.h5,22.528
M03,OP05,good,M03_Feb_2020_OP05_006.h5,19.968
M03,OP05,good,M03_Aug_2019_OP05_018.h5,22.016
M03,OP05,good,M03_Feb_2020_OP05_002.h5,22.528
M03,OP05,good,M03_Aug_2020_OP05_001.h5,18.944
M03,OP05,good,M03_Feb_2020_OP05_001.h5,20.48
M03,OP05,good,M03_Aug_2019_OP05_017.h5,22.528
M03,OP05,good,M03_Aug_2019_OP05_005.h5,22.016
M03,OP05,good,M03_Aug_2019_OP05_003.h5,22.528
M03,OP05,good,M03_Aug_2021_OP05_000.h5,19.456
M03,OP05,good,M03_Feb_2020_OP05_004.h5,20.48
M03,OP05,good,M03_Aug_2019_OP05_016.h5,22.528
M03,OP05,good,M03_Aug_2019_OP05_014.h5,22.016
M03,OP05,good,M03_Feb_2020_OP05_003.h5,23.552
M03,OP05,good,M03_Aug_2019_OP05_009.h5,18.944
M03,OP05,good,M03_Aug_2019_OP05_013.h5,22.528
M03,OP05,good,M03_Feb_2021_OP05_001.h5,23.04
M03,OP05,good,M03_Aug_2021_OP05_001.h5,18.944
M03,OP05,good,M03_Aug_2019_OP05_019.h5,20.992
M03,OP05,good,M03_Aug_2020_OP05_002.h5,22.528
M03,OP05,good,M03_Feb_2021_OP05_002.h5,23.04
M03,OP05,good,M03_Aug_2019_OP05_012.h5,23.04
M03,OP05,good,M03_Aug_2019_OP05_007.h5,23.04
M03,OP05,good,M03_Aug_2019_OP05_015.h5,22.016
M03,OP05,good,M03_Aug_2019_OP05_008.h5,23.04
M03,OP05,good,M03_Aug_2019_OP05_001.h5,22.528
M03,OP05,good,M03_Feb_2021_OP05_003.h5,23.04
M03,OP05,good,M03_Aug_2019_OP05_020.h5,20.48
M03,OP05,good,M03_Aug_2019_OP05_002.h5,19.456
M03,OP05,good,M03_Aug_2020_OP05_000.h5,20.992
M03,OP05,good,M03_Aug_2019_OP05_011.h5,22.528
M03,OP05,good,M03_Feb_2021_OP05_000.h5,23.04
M03,OP05,good,M03_Aug_2019_OP05_010.h5,18.944
M03,OP05,good,M03_Aug_2019_OP05_000.h5,22.528
M03,OP05,good,M03_Aug_2020_OP05_003.h5,19.456
M03,OP05,good,M03_Feb_2020_OP05_005.h5,19.968
M03,OP02,good,M03_Aug_2019_OP02_011.h5,41.472
M03,OP02,good,M03_Aug_2019_OP02_013.h5,43.52
M03,OP02,good,M03_Aug_2019_OP02_019.h5,42.496
M03,OP02,good,M03_Aug_2019_OP02_007.h5,43.008
M03,OP02,good,M03_Feb_2020_OP02_003.h5,43.52
M03,OP02,good,M03_Aug_2019_OP02_014.h5,43.52
M03,OP02,good,M03_Feb_2020_OP02_000.h5,43.008
M03,OP02,good,M03_Aug_2019_OP02_018.h5,43.008
M03,OP02,good,M03_Aug_2019_OP02_004.h5,41.984
M03,OP02,good,M03_Feb_2021_OP02_005.h5,41.984
M03,OP02,good,M03_Feb_2020_OP02_013.h5,41.984
M03,OP02,good,M03_Feb_2020_OP02_005.h5,41.984
M03,OP02,good,M03_Feb_2021_OP02_002.h5,41.984
M03,OP02,good,M03_Feb_2020_OP02_010.h5,43.52
M03,OP02,good,M03_Aug_2020_OP02_002.h5,41.472
M03,OP02,good,M03_Aug_2019_OP02_021.h5,44.032
M03,OP02,good,M03_Aug_2019_OP02_000.h5,42.496
M03,OP02,good,M03_Feb_2020_OP02_002.h5,43.52
M03,OP02,good,M03_Aug_2021_OP02_000.h5,41.984
M03,OP02,good,M03_Aug_2019_OP02_010.h5,43.52
M03,OP02,good,M03_Aug_2021_OP02_002.h5,43.52
M03,OP02,good,M03_Feb_2020_OP02_008.h5,43.52
M03,OP02,good,M03_Aug_2019_OP02_002.h5,40.448
M03,OP02,good,M03_Feb_2020_OP02_001.h5,41.472
M03,OP02,good,M03_Feb_2021_OP02_003.h5,43.52
M03,OP02,good,M03_Aug_2019_OP02_006.h5,42.496
M03,OP02,good,M03_Aug_2019_OP02_009.h5,43.008
M03,OP02,good,M03_Aug_2019_OP02_015.h5,42.496
M03,OP02,good,M03_Aug_2019_OP02_003.h5,41.984
M03,OP02,good,M03_Aug_2019_OP02_001.h5,42.496
M03,OP02,good,M03_Feb_2020_OP02_006.h5,43.008
M03,OP02,good,M03_Aug_2019_OP02_017.h5,42.496
M03,OP02,good,M03_Aug_2019_OP02_005.h5,42.496
M03,OP02,good,M03_Aug_2020_OP02_001.h5,41.472
M03,OP02,good,M03_Feb_2020_OP02_011.h5,43.52
M03,OP02,good,M03_Feb_2020_OP02_007.h5,43.008
M03,OP02,good,M03_Aug_2021_OP02_001.h5,43.008
M03,OP02,good,M03_Feb_2020_OP02_012.h5,43.008
M03,OP02,good,M03_Feb_2021_OP02_004.h5,41.984
M03,OP02,good,M03_Aug_2019_OP02_016.h5,42.496
M03,OP02,good,M03_Feb_2021_OP02_000.h5,44.032
M03,OP02,good,M03_Aug_2021_OP02_003.h5,41.472
M03,OP02,good,M03_Feb_2020_OP02_009.h5,43.52
M03,OP02,good,M03_Aug_2021_OP02_004.h5,43.008
M03,OP02,good,M03_Aug_2020_OP02_003.h5,43.008
M03,OP02,good,M03_Feb_2021_OP02_001.h5,41.984
M03,OP02,good,M03_Aug_2019_OP02_008.h5,41.472
M03,OP02,good,M03_Aug_2019_OP02_012.h5,43.008
M03,OP02,good,M03_Aug_2020_OP02_000.h5,43.008
M03,OP02,good,M03_Feb_2020_OP02_004.h5,43.008
M03,OP02,good,M03_Aug_2019_OP02_020.h5,44.032
M03,OP02,bad,M03_Feb_2021_OP02_000.h5,36.0
M03,OP12,good,M03_Aug_2019_OP12_003.h5,45.056
M03,OP12,good,M03_Aug_2020_OP12_001.h5,47.616
M03,OP12,good,M03_Aug_2019_OP12_002.h5,43.52
M03,OP12,good,M03_Aug_2019_OP12_001.h5,46.592
M03,OP12,good,M03_Aug_2019_OP12_006.h5,45.568
M03,OP12,good,M03_Aug_2019_OP12_005.h5,45.056
M03,OP12,good,M03_Aug_2020_OP12_000.h5,47.616
M03,OP12,good,M03_Aug_2019_OP12_009.h5,47.616
M03,OP12,good,M03_Aug_2019_OP12_015.h5,47.104
M03,OP12,good,M03_Feb_2020_OP12_008.h5,45.568
M03,OP12,good,M03_Aug_2019_OP12_007.h5,45.568
M03,OP12,good,M03_Aug_2019_OP12_008.h5,47.104
M03,OP12,good,M03_Feb_2021_OP12_001.h5,47.616
M03,OP12,good,M03_Feb_2021_OP12_002.h5,45.568
M03,OP12,good,M03_Feb_2020_OP12_002.h5,45.568
M03,OP12,good,M03_Feb_2020_OP12_007.h5,47.104
M03,OP12,good,M03_Aug_2019_OP12_011.h5,45.056
M03,OP12,good,M03_Aug_2021_OP12_000.h5,45.056
M03,OP12,good,M03_Feb_2020_OP12_006.h5,45.568
M03,OP12,good,M03_Feb_2020_OP12_009.h5,45.568
M03,OP12,good,M03_Aug_2019_OP12_014.h5,46.592
M03,OP12,good,M03_Aug_2019_OP12_019.h5,45.056
M03,OP12,good,M03_Aug_2021_OP12_003.h5,46.592
M03,OP12,good,M03_Aug_2019_OP12_018.h5,48.64
M03,OP12,good,M03_Aug_2021_OP12_002.h5,46.592
M03,OP12,good,M03_Aug_2019_OP12_013.h5,46.592
M03,OP12,good,M03_Feb_2020_OP12_001.h5,46.592
M03,OP12,good,M03_Aug_2019_OP12_004.h5,47.616
M03,OP12,good,M03_Feb_2020_OP12_005.h5,45.056
M03,OP12,good,M03_Feb_2021_OP12_004.h5,47.616
M03,OP12,good,M03_Feb_2021_OP12_005.h5,46.592
M03,OP12,good,M03_Aug_2019_OP12_000.h5,46.592
M03,OP12,good,M03_Aug_2019_OP12_012.h5,46.592
M03,OP12,good,M03_Feb_2020_OP12_004.h5,47.104
M03,OP12,good,M03_Feb_2020_OP12_003.h5,46.08
M03,OP12,good,M03_Feb_2021_OP12_000.h5,45.568
M03,OP12,good,M03_Feb_2020_OP12_000.h5,47.616
M03,OP12,good,M03_Aug_2019_OP12_010.h5,47.104
M03,OP12,good,M03_Aug_2021_OP12_001.h5,45.568
M03,OP12,good,M03_Aug_2019_OP12_016.h5,47.104
M03,OP12,good,M03_Feb_2021_OP12_003.h5,47.616
M03,OP12,good,M03_Aug_2019_OP12_017.h5,46.592
M03,OP11,good,M03_Aug_2019_OP11_000.h5,58.368
M03,OP11,good,M03_Aug_2019_OP11_006.h5,57.344
M03,OP11,good,M03_Feb_2020_OP11_001.h5,58.88
M03,OP11,good,M03_Aug_2019_OP11_002.h5,58.88
M03,OP11,good,M03_Aug_2019_OP11_014.h5,58.88
M03,OP11,good,M03_Feb_2020_OP11_002.h5,59.392
M03,OP11,good,M03_Aug_2019_OP11_008.h5,58.88
M03,OP11,good,M03_Aug_2019_OP11_012.h5,58.368
M03,OP11,good,M03_Aug_2019_OP11_009.h5,57.344
M03,OP11,good,M03_Aug_2019_OP11_015.h5,58.88
M03,OP11,good,M03_Feb_2020_OP11_000.h5,58.368
M03,OP11,good,M03_Aug_2019_OP11_001.h5,59.392
M03,OP11,good,M03_Aug_2019_OP11_010.h5,59.392
M03,OP11,good,M03_Aug_2019_OP11_011.h5,57.856
M03,OP11,good,M03_Aug_2019_OP11_005.h5,59.392
M03,OP11,good,M03_Aug_2019_OP11_007.h5,59.392
M03,OP11,good,M03_Aug_2019_OP11_004.h5,58.368
M03,OP11,good,M03_Aug_2019_OP11_003.h5,58.88
M03,OP11,good,M03_Aug_2019_OP11_016.h5,58.88
M03,OP11,good,M03_Aug_2019_OP11_013.h5,58.368
